date, pm25, pm10, o3, no2, so2, co
2025/10/1, 44, 21, 64, 4, 2, 2
2025/10/2, 52, 27, 50, 3, 2, 3
2025/10/3, 43, 17, 39, 3, 2, 4
2025/10/4, 30, 16, 44, 4, 2, 4
2025/10/5, 29, 18, 40, 4, 2, 4
2025/10/6, 44, 17, 38, 3, 2, 3
2025/10/7, 40, 13, 35, 3, 2, 3
2025/10/8, 26, 24, 35, 3, 2, 3
2025/10/9, 37, 27, 35, 3, 2, 2
2025/10/10, 39, 24, 42, 4, 2, 2
2025/10/11, 39, 21, 41, 4, 2, 2
2025/10/12, 42, 22, 44, 5, 2, 3
2025/10/13, 54, 19, 35, 5, 2, 3
2025/10/14, 52, 12, 34, 4, 2, 2
2025/10/15, 26, 14, 32, 4, 1, 2
2025/10/16, 34, 22, 36, 3, 1, 2
2025/10/17, 31, 12, 34, 4, 1, 2
2025/10/18, 24, 19, 31, 4, 1, 2
2025/10/19, 39, 23, 41, 4, 1, 1
2025/10/20, 48, 23, 31, 5, 1, 2
2025/10/21, 50, 20, 36, 4, 1, 2
2025/10/22, 36, 19, 38, 4, 1, 1
2025/10/23, 36, 16, 38, 4, 1, 1
2025/10/24, 33, 20, 40, 4, 1, 2
2025/10/25, 43, 26, 46, 4, 1, 2
2025/10/26, 57, 38, 42, 4, 1, 3
2025/10/27, 81, , , , , 
2025/7/1, 48, 29, 25, 3, 2, 3
2025/7/2, 72, 27, 25, 4, 1, 2
2025/7/3, 68, 24, 26, 3, 2, 2
2025/7/4, 56, 17, 23, 3, 1, 2
2025/7/5, 33, 16, 21, 3, 1, 2
2025/7/6, 34, 11, 19, 3, 1, 1
2025/7/7, 26, 18, 40, 4, 1, 1
2025/7/8, 40, 32, 31, 3, 1, 2
2025/7/9, 63, 38, 28, 3, 1, 2
2025/7/10, 74, 38, 32, 3, 1, 2
2025/7/11, 62, 36, 27, 3, 1, 2
2025/7/12, 59, 13, 30, 4, 1, 2
2025/7/13, 34, 17, 46, 3, 1, 1
2025/7/14, 43, 27, 58, 4, 1, 2
2025/7/15, 55, 28, 49, 3, 1, 2
2025/7/16, 52, 27, 26, 3, 1, 2
2025/7/17, 52, 20, 26, 3, 1, 2
2025/7/18, 28, 30, 12, 3, 1, 1
2025/7/19, 38, 25, 15, 3, 2, 1
2025/7/20, 35, 26, 16, 3, 2, 2
2025/7/21, 34, 25, 13, 4, 3, 2
2025/7/22, 41, 28, 21, 4, 4, 1
2025/7/23, 61, 27, 43, 4, 2, 2
2025/7/24, 68, 18, 30, 4, 2, 2
2025/7/25, 36, 17, 30, 4, 2, 3
2025/7/26, 30, 19, 29, 4, 2, 3
2025/7/27, 30, 20, 24, 4, 2, 2
2025/7/28, 29, 18, 24, 4, 4, 2
2025/7/29, 36, 33, 19, 3, 3, 2
2025/7/30, 37, 32, 20, 3, 5, 2
2025/7/31, 39, 24, 41, 5, 2, 3
2025/8/1, 53, 26, 30, 4, 3, 2
2025/8/2, 57, 22, 28, 4, 2, 3
2025/8/3, 42, 36, 37, 3, 2, 4
2025/8/4, 56, 30, 32, 3, 2, 3
2025/8/5, 50, 36, 39, 3, 2, 2
2025/8/6, 55, 44, 55, 5, 1, 2
2025/8/7, 74, 24, 47, 5, 1, 2
2025/8/8, 51, 32, 50, 6, 2, 2
2025/8/9, 52, 32, 43, 5, 2, 2
2025/8/10, 54, 24, 40, 6, 2, 2
2025/8/11, 40, 26, 28, 3, 1, 1
2025/8/12, 39, 21, 14, 3, 1, 2
2025/8/13, 26, 18, 18, 4, 2, 2
2025/8/14, 24, 15, 23, 4, 2, 3
2025/8/15, 22, 14, 26, 4, 2, 3
2025/8/16, 21, 16, 26, 4, 2, 3
2025/8/17, 40, 19, 21, 4, 2, 2
2025/8/18, 44, 16, 17, 4, 3, 1
2025/8/19, 42, 14, 17, 4, 2, 1
2025/8/20, 26, 18, 23, 4, 3, 1
2025/8/21, 44, 19, 31, 4, 2, 2
2025/8/22, 43, 16, 30, 4, 2, 1
2025/8/23, 31, 14, 21, 4, 2, 1
2025/8/24, 23, 10, 17, 4, 2, 1
2025/8/25, 15, 15, 35, 4, 2, 1
2025/8/26, 25, 22, 49, 5, 2, 2
2025/8/27, 52, 18, 34, 5, 1, 2
2025/8/28, 32, 10, 23, 5, 1, 1
2025/8/29, 20, 16, 26, 5, 1, 2
2025/8/30, 35, 16, 21, 4, 2, 1
2025/8/31, 35, 15, 30, 4, 1, 1
2025/9/1, 20, 19, 33, 5, 1, 3
2025/9/2, 41, 20, 34, 4, 1, 1
2025/9/3, 35, 19, 34, 4, 1, 1
2025/9/4, 35, 18, 42, 4, 1, 2
2025/9/5, 39, 17, 27, 4, 1, 2
2025/9/6, 35, 20, 30, 4, 1, 3
2025/9/7, 46, 16, 26, 4, 1, 2
2025/9/8, 29, 17, 31, 5, 1, 2
2025/9/9, 27, 20, 38, 4, 1, 3
2025/9/10, 40, 24, 38, 4, 1, 2
2025/9/11, 42, 19, 39, 3, 1, 2
2025/9/12, 28, 24, 38, 4, 1, 3
2025/9/13, 43, 17, 39, 4, 1, 3
2025/9/14, 27, 16, 41, 5, 1, 3
2025/9/15, 26, 17, 22, 4, 1, 2
2025/9/16, 26, 17, 27, 4, 1, 1
2025/9/17, 26, 23, 40, 4, 1, 2
2025/9/18, 41, 21, 36, 3, 1, 2
2025/9/19, 32, 17, 47, 3, 1, 1
2025/9/20, 30, 21, 40, 4, 1, 1
2025/9/21, 37, 26, 34, 3, 1, 1
2025/9/22, 36, 27, 36, 4, 1, 2
2025/9/23, 41, 24, 27, 4, 1, 2
2025/9/24, 30, 11, 14, 5, 1, 3
2025/9/25, 15, 14, 14, 5, 1, 3
2025/9/26, 21, 14, 32, 4, 1, 3
2025/9/27, 22, 19, 40, 4, 1, 3
2025/9/28, 41, 15, 53, 4, 1, 3
2025/9/29, 35, 19, 44, 4, 1, 3
2025/9/30, 44, 18, 45, 4, 2, 2
2025/4/1, 82, 34, 56, 6, 1, 2
2025/4/2, 65, 36, 50, 5, 1, 2
2025/4/3, 76, 32, 50, 7, 1, 2
2025/4/4, 74, 30, 46, 5, 1, 2
2025/4/5, 66, 28, 49, 6, 1, 2
2025/4/6, 60, 36, 75, 7, 1, 2
2025/4/7, 64, 57, 76, 6, 1, 2
2025/4/8, 92, 44, 51, 7, 1, 2
2025/4/9, 75, 31, 57, 5, 1, 2
2025/4/10, 70, 36, 64, 6, 1, 3
2025/4/11, 73, 34, 56, 6, 1, 3
2025/4/12, 68, 59, 43, 3, 1, 2
2025/4/13, 58, 49, 46, 4, 1, 3
2025/4/14, 58, 24, 45, 4, 1, 3
2025/4/15, 48, 49, 78, 5, 1, 3
2025/4/16, 69, 53, 60, 4, 1, 3
2025/4/17, 67, 34, 43, 4, 1, 2
2025/4/18, 55, 21, 44, 3, 1, 2
2025/4/19, 40, 13, 35, 4, 1, 2
2025/4/20, 32, 21, 37, 4, 1, 3
2025/4/21, 48, 16, 32, 4, 1, 3
2025/4/22, 38, 21, 44, 4, 1, 3
2025/4/23, 37, 28, 47, 6, 1, 2
2025/4/24, 59, 39, 44, 3, 1, 2
2025/4/25, 55, 25, 54, 6, 1, 1
2025/4/26, 38, 23, 51, 7, 1, 1
2025/4/27, 43, 20, 50, 4, 1, 2
2025/4/28, 42, 35, 56, 5, 1, 2
2025/4/29, 64, 28, 58, 8, 1, 2
2025/4/30, 61, 23, 45, 4, 1, 1
2025/5/1, 44, 24, 49, 4, 1, 1
2025/5/2, 47, 30, 61, 5, 1, 2
2025/5/3, 54, 21, 50, 4, 1, 2
2025/5/4, 39, 22, 44, 5, 1, 1
2025/5/5, 44, 20, 44, 4, 1, 2
2025/5/6, 45, 28, 50, 6, 1, 2
2025/5/7, 59, 28, 50, 5, 1, 1
2025/5/8, 57, 26, 46, 4, 1, 2
2025/5/9, 44, 19, 46, 3, 1, 2
2025/5/10, 43, 29, 51, 5, 1, 3
2025/5/11, 67, 30, 63, 5, 1, 2
2025/5/12, 73, 30, 61, 5, 1, 2
2025/5/13, 73, 26, 57, 4, 1, 2
2025/5/14, 64, 21, 39, 4, 1, 2
2025/5/15, 52, 18, 28, 3, 1, 2
2025/5/16, 29, 13, 33, 4, 1, 1
2025/5/17, 24, 32, 44, 4, 1, 2
2025/5/18, 54, 31, 52, 6, 1, 3
2025/5/19, 56, 8, 34, 4, 1, 3
2025/5/20, 19, 10, 25, 5, 1, 4
2025/5/21, 11, 24, 37, 4, 1, 3
2025/5/22, 50, 28, 36, 3, 1, 3
2025/5/23, 52, 17, 38, 3, 1, 3
2025/5/24, 39, 22, 39, 3, 1, 2
2025/5/25, 58, 23, 51, 4, 1, 2
2025/5/26, 52, 23, 62, 4, 1, 2
2025/5/27, 56, 36, 72, 6, 1, 2
2025/5/28, 82, 30, 51, 5, 1, 2
2025/5/29, 74, 26, 60, 4, 1, 2
2025/5/30, 63, 27, 62, 4, 1, 2
2025/5/31, 66, 24, 57, 5, 1, 2
2025/6/1, 62, 16, 45, 4, 1, 2
2025/6/2, 43, 23, 53, 2, 1, 2
2025/6/3, 56, 27, 70, 4, 1, 3
2025/6/4, 50, 24, 54, 4, 2, 4
2025/6/5, 45, 21, 50, 5, 1, 3
2025/6/6, 38, 25, 42, 4, 1, 2
2025/6/7, 49, 20, 36, 5, 1, 2
2025/6/8, 56, 28, 34, 4, 2, 3
2025/6/9, 67, 22, 36, 5, 1, 3
2025/6/10, 62, 19, 40, 5, 1, 3
2025/6/11, 50, 15, 43, 5, 1, 2
2025/6/12, 39, 10, 31, 4, 1, 2
2025/6/13, 28, 18, 23, 3, 1, 2
2025/6/14, 30, 19, 29, 4, 1, 2
2025/6/15, 37, 15, 57, 3, 1, 2
2025/6/16, 32, 23, 61, 3, 1, 2
2025/6/17, 32, 26, 57, 5, 1, 2
2025/6/18, 57, 12, 25, 3, 1, 2
2025/6/19, 24, 8, 14, 3, 1, 2
2025/6/20, 16, 19, 20, 3, 1, 2
2025/6/21, 25, 17, 36, 4, 1, 2
2025/6/22, 26, 20, 44, 4, 1, 2
2025/6/23, 41, 15, 43, 4, 1, 3
2025/6/24, 32, 22, 42, 4, 1, 3
2025/6/25, 48, 27, 41, 4, 1, 2
2025/6/26, 61, 17, 31, 5, 1, 2
2025/6/27, 49, 9, 20, 2, 1, 2
2025/6/28, 19, 9, 20, 2, 1, 2
2025/6/29, 20, 9, 21, 3, 1, 2
2025/6/30, 21, 13, 20, 3, 2, 3
2025/1/1, 44, 51, 43, 5, 2, 3
2025/1/2, 79, 23, 33, 4, 1, 2
2025/1/3, 48, 23, 32, 5, 1, 2
2025/1/4, 55, 25, 39, 7, 1, 2
2025/1/5, 62, 41, 35, 5, 1, 3
2025/1/6, 92, 23, 29, 4, 1, 2
2025/1/7, 53, 28, 28, 5, 1, 2
2025/1/8, 64, 18, 30, 3, 1, 2
2025/1/9, 45, 16, 30, 3, 1, 2
2025/1/10, 42, 18, 33, 4, 1, 2
2025/1/11, 48, 27, 33, 5, 1, 2
2025/1/12, 64, 29, 36, 6, 1, 3
2025/1/13, 66, 56, 51, 8, 1, 3
2025/1/14, 99, 31, 34, 4, 1, 2
2025/1/15, 70, 23, 32, 4, 1, 2
2025/1/16, 52, 32, 32, 5, 1, 2
2025/1/17, 62, 24, 35, 6, 1, 2
2025/1/18, 57, 18, 36, 5, 1, 2
2025/1/19, 50, 46, 45, 8, 2, 4
2025/1/20, 109, 41, 39, 7, 1, 3
2025/1/21, 89, 30, 41, 7, 1, 3
2025/1/22, 67, 39, 44, 7, 2, 3
2025/1/23, 85, 48, 43, 9, 2, 3
2025/1/24, 112, 30, 34, 6, 1, 2
2025/1/25, 69, 26, 34, 5, 1, 2
2025/1/26, 63, 21, 31, 4, 1, 2
2025/1/27, 51, 19, 29, 3, 1, 2
2025/1/28, 48, 20, 32, 3, 1, 2
2025/1/29, 48, 21, 36, 5, 1, 2
2025/1/30, 52, 24, 38, 5, 1, 2
2025/1/31, 54, 19, 35, 3, 1, 2
2025/2/1, 45, 27, 38, 3, 1, 2
2025/2/2, 63, 31, 38, 2, 1, 3
2025/2/3, 69, 16, 35, 2, 1, 2
2025/2/4, 43, 22, 34, 2, 1, 2
2025/2/5, 54, 19, 34, 2, 1, 2
2025/2/6, 49, 28, 32, 2, 1, 2
2025/2/7, 56, 16, 31, 2, 1, 2
2025/2/8, 35, 12, 32, 2, 1, 2
2025/2/9, 31, 16, 36, 2, 1, 2
2025/2/10, 43, 33, 45, 5, 1, 3
2025/2/11, 62, 19, 38, 3, 1, 2
2025/2/12, 44, 24, 34, 2, 1, 2
2025/2/13, 45, 25, 37, 4, 1, 2
2025/2/14, 48, 23, 32, 6, 1, 2
2025/2/15, 54, 34, 49, 4, 1, 2
2025/2/16, 74, 43, 38, 3, 1, 3
2025/2/17, 65, 23, 35, 2, 1, 2
2025/2/18, 50, 26, 35, 2, 1, 3
2025/2/19, 54, 22, 36, 3, 1, 2
2025/2/20, 46, 22, 37, 3, 1, 2
2025/2/21, 47, 28, 38, 4, 1, 3
2025/2/22, 64, 24, 37, 3, 1, 2
2025/2/23, 55, 22, 36, 4, 1, 2
2025/2/24, 56, 21, 35, 5, 1, 1
2025/2/25, 48, 44, 57, 6, 1, 2
2025/2/26, 101, 47, 46, 8, 1, 2
2025/2/27, 112, 17, 42, 6, 1, 2
2025/2/28, 46, 17, 31, 5, 1, 2
2025/3/1, 46, 9, 30, 4, 1, 1
2025/3/2, 22, 20, 40, 3, 1, 1
2025/3/3, 31, 15, 34, 3, 1, 1
2025/3/4, 29, 15, 32, 4, 1, 1
2025/3/5, 35, 29, 44, 4, 1, 1
2025/3/6, 61, 34, 42, 4, 1, 2
2025/3/7, 77, 23, 40, 5, 1, 1
2025/3/8, 57, 33, 50, 5, 1, 2
2025/3/9, 78, 31, 41, 6, 1, 2
2025/3/10, 74, 31, 41, 5, 1, 1
2025/3/11, 64, 35, 42, 6, 1, 1
2025/3/12, 70, 44, 39, 4, 1, 1
2025/3/13, 68, 40, 38, 4, 1, 
2025/3/14, 51, 20, 38, 3, 1, 
2025/3/15, 40, 29, 41, 3, 1, 1
2025/3/16, 63, 32, 41, 3, 1, 1
2025/3/17, 61, 31, 43, 3, 1, 1
2025/3/18, 68, 28, 43, 3, 1, 1
2025/3/19, 64, 33, 49, 6, 1, 1
2025/3/20, 65, 52, 66, 7, 1, 1
2025/3/21, 96, 61, 76, 10, 2, 3
2025/3/22, 120, 51, 79, 8, 2, 2
2025/3/23, 105, 49, 69, 8, 1, 2
2025/3/24, 89, 53, 83, 7, 2, 3
2025/3/25, 102, 33, 46, 7, 1, 2
2025/3/26, 73, 27, 47, 5, 1, 2
2025/3/27, 55, 38, 41, 4, 1, 2
2025/3/28, 66, 28, 40, 4, 1, 2
2025/3/29, 51, 27, 40, 4, 1, 2
2025/3/30, 46, 39, 54, 6, 1, 2
2025/3/31, 70, 41, 52, 5, 1, 2
2024/10/1, 52, 21, 38, 3, 1, 1
2024/10/2, 45, 16, 35, 3, 1, 1
2024/10/3, 39, 12, 38, 3, 1, 1
2024/10/4, 24, 18, 43, 3, 1, 1
2024/10/5, 30, 15, 40, 3, 1, 1
2024/10/6, 29, 15, 59, 3, 1, 1
2024/10/7, 39, 29, 55, 3, 1, 2
2024/10/8, 67, 18, 41, 3, 1, 1
2024/10/9, 44, 18, 40, 3, 1, 1
2024/10/10, 36, 18, 41, 3, 1, 2
2024/10/11, 47, 20, 48, 4, 1, 2
2024/10/12, 50, 19, 42, 3, 1, 1
2024/10/13, 45, 24, 37, 4, 1, 1
2024/10/14, 56, 21, 34, 4, 1, 1
2024/10/15, 53, 20, 41, 3, 1, 2
2024/10/16, 49, 30, 34, 3, 1, 2
2024/10/17, 55, 22, 31, 3, 1, 1
2024/10/18, 41, 20, 33, 3, 1, 2
2024/10/19, 39, 24, 31, 2, 1, 1
2024/10/20, 41, 24, 29, 3, 1, 1
2024/10/21, 45, 19, 29, 3, 1, 1
2024/10/22, 35, 20, 35, 3, 1, 1
2024/10/23, 40, 17, 40, 3, 1, 1
2024/10/24, 40, 23, 36, 3, 1, 1
2024/10/25, 44, 23, 30, 3, 1, 1
2024/10/26, 42, 17, 37, 3, 1, 1
2024/10/27, 44, 30, 39, 3, 1, 2
2024/10/28, 69, 22, 36, 3, 1, 2
2024/10/29, 45, 21, 43, 4, 1, 2
2024/10/30, 48, 24, 37, 3, 1, 1
2024/10/31, 51, 12, 37, 2, 1, 1
2024/11/1, 22, 11, 34, 3, 1, 1
2024/11/2, 24, , , , , 
2024/11/8, 42, 17, 33, 3, 1, 1
2024/11/9, 37, 16, 31, 3, 1, 1
2024/11/10, 40, 21, 38, 3, 1, 1
2024/11/11, 49, 25, 43, 3, 1, 2
2024/11/12, 66, 30, 39, 4, 1, 2
2024/11/13, 59, 27, 34, 3, 1, 1
2024/11/14, 49, 19, 30, 3, 1, 2
2024/11/15, 43, 25, 30, 3, 1, 2
2024/11/16, 58, 23, 33, 2, 1, 2
2024/11/17, 50, 21, 32, 3, 1, 1
2024/11/18, 41, 20, 30, 4, 1, 1
2024/11/19, 42, 17, 33, 5, 1, 2
2024/11/20, 43, 31, 42, 4, 1, 2
2024/11/21, 68, 31, 40, 4, 1, 2
2024/11/22, 61, 21, 30, 3, 1, 2
2024/11/23, 44, 18, 29, 4, 1, 2
2024/11/24, 46, 19, 36, 3, 1, 2
2024/11/25, 31, 26, 32, 3, 1, 3
2024/11/26, 45, 27, 30, 3, 1, 2
2024/11/27, 48, 27, 33, 4, 1, 2
2024/11/28, 50, 24, 33, 3, 1, 3
2024/11/29, 48, 25, 33, 3, 1, 2
2024/11/30, 47, 23, 38, 4, 1, 2
2024/12/1, 48, 41, 57, 7, 1, 3
2024/12/2, 77, 34, 34, 4, 1, 3
2024/12/3, 58, 19, 36, 3, 1, 2
2024/12/4, 39, 34, 36, 4, 1, 3
2024/12/5, 65, 38, 34, 5, 1, 2
2024/12/6, 75, 25, 33, 4, 1, 2
2024/12/7, 49, 23, 30, 3, 1, 2
2024/12/8, 46, 23, 33, 4, 1, 2
2024/12/9, 49, 23, 32, 4, 1, 2
2024/12/10, 49, 25, 35, 4, 1, 2
2024/12/11, 61, 21, 32, 4, 1, 1
2024/12/12, 42, 17, 31, 4, 1, 2
2024/12/13, 43, 21, 32, 3, 1, 2
2024/12/14, 46, 29, 31, 3, 1, 2
2024/12/15, 57, 30, 32, 4, 1, 2
2024/12/16, 58, 30, 34, 5, 1, 2
2024/12/17, 63, 21, 31, 3, 1, 2
2024/12/18, 53, 22, 30, 5, 1, 2
2024/12/19, 48, 20, 26, 6, 1, 2
2024/12/20, 49, 30, 32, 4, 1, 2
2024/12/21, 63, 23, 31, 2, 1, 2
2024/12/22, 46, 20, 33, 3, 1, 2
2024/12/23, 43, 24, 33, 4, 1, 2
2024/12/24, 52, 22, 35, 4, 1, 2
2024/12/25, 48, 41, 34, 4, 1, 2
2024/12/26, 73, 22, 34, 3, 1, 2
2024/12/27, 45, 23, 31, 3, 1, 2
2024/12/28, 49, 26, 32, 4, 1, 2
2024/12/29, 55, , , , , 
2024/7/1, 26, 24, 15, 3, 1, 2
2024/7/2, 32, 20, 19, 4, 1, 2
2024/7/3, 30, 15, 25, 3, 1, 1
2024/7/4, 27, 14, 21, 3, 1, 1
2024/7/5, 18, 19, 18, 3, 2, 1
2024/7/6, 34, 24, 19, 3, 2, 1
2024/7/7, 36, 24, 23, 3, 2, 1
2024/7/8, 35, 26, 22, 3, 2, 1
2024/7/9, 36, 26, 29, 3, 2, 1
2024/7/10, 47, 23, 39, 4, 2, 2
2024/7/11, 43, 23, 41, 4, 2, 3
2024/7/12, 57, 19, 37, 4, 2, 2
2024/7/13, 37, 17, 30, 3, 1, 2
2024/7/14, 25, 21, 33, 5, 1, 2
2024/7/15, 36, 18, 18, 2, 1, 2
2024/7/16, 19, 15, 15, 3, 1, 2
2024/7/17, 22, 25, 33, 3, 2, 1
2024/7/18, 35, 28, 35, 3, 2, 1
2024/7/19, 46, 22, 18, 2, 2, 1
2024/7/20, 32, 18, 16, 2, 2, 1
2024/7/21, 28, 16, 15, 2, 1, 1
2024/7/22, 21, 16, 14, 3, 2, 2
2024/7/23, 20, 25, 14, 3, 2, 2
2024/7/24, 23, 44, 12, 3, 1, 2
2024/7/25, 33, 41, 18, 3, 1, 2
2024/7/26, 45, 48, 16, 2, 1, 2
2024/7/27, 51, 25, 15, 2, 1, 2
2024/7/28, 26, 18, 17, 3, 1, 2
2024/7/29, 24, 17, 18, 4, 1, 2
2024/7/30, 22, 15, 16, 4, 1, 2
2024/7/31, 20, 20, 26, 3, 1, 2
2024/8/1, 33, 24, 35, 3, 1, 2
2024/8/2, 48, 24, 30, 4, 1, 2
2024/8/3, 49, 23, 31, 5, 1, 3
2024/8/4, 51, 23, 38, 4, 1, 3
2024/8/5, 58, 20, 30, 4, 1, 3
2024/8/6, 49, 23, 46, 4, 1, 3
2024/8/7, 61, 20, 38, 4, 1, 3
2024/8/8, 53, 23, 29, 5, 1, 2
2024/8/9, 61, 22, 33, 5, 1, 2
2024/8/10, 53, 18, 37, 4, 1, 2
2024/8/11, 39, 19, 43, 4, 1, 2
2024/8/12, 44, 20, 38, 4, 1, 2
2024/8/13, 41, 20, 29, 4, 1, 2
2024/8/14, 44, 17, 26, 4, 1, 2
2024/8/15, 43, 16, 37, 4, 1, 1
2024/8/16, 29, 19, 25, 3, 1, 1
2024/8/17, 36, 18, 26, 3, 1, 2
2024/8/18, 32, 25, 28, 4, 2, 2
2024/8/19, 57, 24, 24, 3, 1, 1
2024/8/20, 37, 26, 21, 2, 1, 2
2024/8/21, 30, 24, 44, 2, 1, 2
2024/8/22, 44, 41, 62, 2, 1, 4
2024/8/23, 84, 36, 49, 2, 1, 3
2024/8/24, 81, 33, 48, 2, 1, 3
2024/8/25, 75, 30, 45, 2, 1, 2
2024/8/26, 68, 22, 34, 3, 1, 1
2024/8/27, 53, 25, 30, 3, 1, 1
2024/8/28, 41, 16, 42, 3, 1, 1
2024/8/29, 31, 13, 33, 3, 1, 1
2024/8/30, 25, 19, 49, 3, 1, 1
2024/8/31, 41, 23, 58, 3, 1, 2
2024/9/1, 54, 24, 47, 4, 1, 2
2024/9/2, 58, 22, 43, 3, 1, 2
2024/9/3, 52, 22, 37, 3, 1, 2
2024/9/4, 38, 26, 44, 4, 1, 2
2024/9/5, 53, 29, 36, 4, 1, 2
2024/9/6, 64, 31, 32, 3, 2, 1
2024/9/7, 80, 28, 27, 4, 2, 2
2024/9/8, 70, 27, 33, 3, 1, 2
2024/9/9, 66, 25, 31, 3, 2, 2
2024/9/10, 50, 19, 10, 3, 1, 1
2024/9/11, 29, 22, 14, 3, 2, 1
2024/9/12, 25, 21, 24, 4, 2, 1
2024/9/13, 44, 19, 31, 3, 2, 1
2024/9/14, 46, 21, 23, 3, 2, 2
2024/9/15, 41, 22, 13, 3, 2, 1
2024/9/16, 33, 16, 18, 4, 2, 1
2024/9/17, 32, 18, 26, 3, 2, 1
2024/9/18, 43, 27, 14, 3, 2, 1
2024/9/19, 41, 30, 16, 2, 1, 1
2024/9/20, 38, 26, 22, 2, 1, 1
2024/9/21, 36, 9, 27, 3, 1, 1
2024/9/22, 19, 22, 29, 3, 1, 1
2024/9/23, 30, 22, 32, 3, 1, 1
2024/9/24, 31, 20, 29, 3, 1, 1
2024/9/25, 36, 18, 35, 3, 1, 1
2024/9/26, 40, 22, 49, 4, 1, 1
2024/9/27, 54, 22, 38, 3, 1, 1
2024/9/28, 39, 25, 38, 3, 1, 1
2024/9/29, 44, 25, 39, 3, 1, 1
2024/9/30, 42, 24, 36, 3, 1, 1
2024/4/1, 67, 27, 45, 6, 1, 3
2024/4/2, 53, 24, 38, 6, 1, 3
2024/4/3, 43, 30, 39, 4, 1, 2
2024/4/4, 47, 43, 46, 4, 1, 1
2024/4/5, 67, 38, 49, 6, 1, 2
2024/4/6, 71, 33, 62, 5, 1, 2
2024/4/7, 68, 41, 51, 6, 1, 2
2024/4/8, 78, 42, 47, 6, , 3
2024/4/9, 73, 37, 40, 4, 1, 2
2024/4/10, 57, 32, 40, 6, 1, 2
2024/4/11, 60, 27, 43, 5, 2, 2
2024/4/12, 59, 25, 42, 5, 2, 3
2024/4/13, 56, 24, 41, 5, 2, 2
2024/4/14, 53, 27, 42, 3, 1, 3
2024/4/15, 46, 25, 46, 4, 1, 3
2024/4/16, 54, 77, 41, 7, 1, 3
2024/4/17, 88, 99, 56, 5, 1, 2
2024/4/18, 118, 83, 67, 7, 1, 2
2024/4/19, 111, 55, 48, 4, 1, 2
2024/4/20, 78, 19, 44, 3, 1, 2
2024/4/21, 43, 22, 37, 4, 1, 2
2024/4/22, 45, 28, 35, 4, 1, 2
2024/4/23, 53, 28, 47, 5, 1, 2
2024/4/24, 51, 25, 51, 5, 1, 2
2024/4/25, 54, 24, 52, 6, 1, 2
2024/4/26, 50, 22, 51, 5, 1, 2
2024/4/27, 51, 21, 53, 5, 1, 2
2024/4/28, 48, 12, 43, 4, 1, 3
2024/4/29, 23, 18, 47, 4, 1, 3
2024/4/30, 34, 32, 39, 4, 1, 2
2024/5/1, 64, 27, 45, 5, 1, 2
2024/5/2, 57, 28, 59, 6, 2, 2
2024/5/3, 64, 28, 41, 5, 2, 2
2024/5/4, 57, 29, 38, 2, 2, 2
2024/5/5, 34, 23, 49, 4, 2, 3
2024/5/6, 47, 52, 70, 5, 1, 3
2024/5/7, 115, 20, 36, 4, 1, 2
2024/5/8, 48, 22, 48, 5, 1, 2
2024/5/9, 52, 19, 51, , 2, 2
2024/5/10, 47, 19, 41, 3, 1, 2
2024/5/11, 37, 28, 42, 3, 1, 2
2024/5/12, 34, 38, 48, 4, 1, 2
2024/5/13, 56, 29, 62, 5, 1, 2
2024/5/14, 59, 24, 57, 4, 1, 1
2024/5/15, 47, 31, 62, 3, 2, 1
2024/5/16, 46, 28, 53, 4, 1, 2
2024/5/17, 44, 20, 49, 4, 2, 2
2024/5/18, 37, 25, 50, 5, 4, 2
2024/5/19, 50, 26, 45, 5, 4, 2
2024/5/20, 60, 27, 42, , 1, 2
2024/5/21, 62, 26, 38, 4, 1, 2
2024/5/22, 53, 29, 46, 5, 1, 2
2024/5/23, 60, 33, 61, 5, 2, 2
2024/5/24, 71, 27, 42, 3, 1, 2
2024/5/25, 48, 21, 39, 3, 2, 2
2024/5/26, 38, 16, 44, 4, 2, 1
2024/5/27, 30, 15, 41, 3, 2, 
2024/5/28, 35, 21, 38, 4, 2, 2
2024/5/29, 40, 17, 45, 4, 2, 1
2024/5/30, 39, 16, 41, 5, 2, 2
2024/5/31, 36, 18, 48, 3, 2, 2
2024/6/1, 39, 20, 50, 3, 2, 2
2024/6/2, 44, 20, 52, 2, 2, 1
2024/6/3, 43, 22, 44, 4, 2, 2
2024/6/4, 48, 20, 40, 3, 2, 2
2024/6/5, 44, 19, 47, 4, 2, 2
2024/6/6, 47, 19, 44, 4, 3, 2
2024/6/7, 46, 13, 37, 3, 2, 2
2024/6/8, 27, 12, 35, 3, 2, 2
2024/6/9, 32, 24, 52, 4, 2, 1
2024/6/10, 55, 27, 52, 5, 1, 1
2024/6/11, 61, 21, 32, 5, 1, 1
2024/6/12, 53, 20, 31, 4, 1, 1
2024/6/13, 56, 31, 38, 4, 2, 2
2024/6/14, 78, 18, 33, 4, 1, 2
2024/6/15, 45, 23, 35, 4, 1, 2
2024/6/16, 61, 19, 30, 6, 1, 2
2024/6/17, 46, 19, 60, 5, 1, 2
2024/6/18, 43, 20, 53, 4, 1, 2
2024/6/19, 49, 14, 45, 3, 1, 2
2024/6/20, 21, 18, 37, 3, 1, 2
2024/6/21, 37, 18, 27, 3, 1, 2
2024/6/22, 35, 20, 40, 4, 1, 2
2024/6/23, 38, 26, 57, 3, 1, 3
2024/6/24, 63, 44, 35, 5, 1, 2
2024/6/25, 78, 30, 45, 5, 1, 2
2024/6/26, 56, 13, 32, 4, 1, 2
2024/6/27, 19, 16, 36, 4, 1, 2
2024/6/28, 36, 17, 37, 3, 1, 2
2024/6/29, 32, 26, 26, 2, 1, 2
2024/6/30, 26, 17, 26, 4, 1, 2
2024/1/1, 80, 32, 36, 5, 1, 3
2024/1/2, 77, 29, 37, 4, 1, 2
2024/1/3, 69, 40, 33, 6, 1, 4
2024/1/4, 87, 36, 38, 6, 1, 3
2024/1/5, 76, 36, 38, 5, 1, 3
2024/1/6, 75, 25, 31, 3, 1, 2
2024/1/7, 48, 19, 28, 5, 1, 2
2024/1/8, 44, 18, 26, 9, 1, 2
2024/1/9, 46, 22, 32, 3, 1, 3
2024/1/10, 60, 18, 33, 4, 1, 2
2024/1/11, 41, 54, 41, 8, 2, 4
2024/1/12, 139, 29, 36, 4, 2, 2
2024/1/13, 56, 24, 62, 6, 1, 2
2024/1/14, 61, 14, 35, 3, 1, 2
2024/1/15, 43, 12, 32, 4, 1, 1
2024/1/16, 26, 19, 37, 5, 1, 2
2024/1/17, 33, 26, 32, 6, 1, 3
2024/1/18, 45, 17, 31, 3, 1, 3
2024/1/19, 32, 16, 31, 3, 1, 2
2024/1/20, 26, 9, 27, 3, 1, 2
2024/1/21, 20, 14, 33, 2, , 2
2024/1/22, 33, 9, 32, 2, 1, 2
2024/1/23, 23, 12, 33, 2, , 2
2024/1/24, 29, 18, 34, 2, 1, 2
2024/1/25, 40, 19, 37, 3, 1, 2
2024/1/26, 48, 38, 40, 5, 1, 3
2024/1/27, 82, 28, 39, 4, 1, 3
2024/1/28, 64, 32, 39, 7, 1, 3
2024/1/29, 62, 29, 33, 8, 1, 3
2024/1/30, 68, 22, 31, 4, 1, 3
2024/1/31, 48, 15, 35, 4, 1, 3
2024/2/1, 36, 12, 30, 4, 1, 3
2024/2/2, 27, 14, 34, 3, 1, 2
2024/2/3, 29, 17, 34, 3, 1, 2
2024/2/4, 28, 10, 32, 3, 1, 2
2024/2/5, 22, 11, 34, 3, , 3
2024/2/6, 31, 27, 39, 3, , 4
2024/2/7, 66, 23, 38, 3, , 3
2024/2/8, 60, 21, 40, 2, , 3
2024/2/9, 55, 53, 49, 5, , 5
2024/2/10, 123, 54, 46, 5, 1, 5
2024/2/11, 126, 48, 46, 5, 1, 4
2024/2/12, 93, 37, 44, 4, 1, 3
2024/2/13, 66, 19, 33, 4, 1, 3
2024/2/14, 40, 19, 36, 4, , 3
2024/2/15, 43, 20, 35, 3, , 3
2024/2/16, 44, 18, 42, 5, 1, 2
2024/2/17, 37, 20, 37, 4, , 3
2024/2/18, 32, 37, 34, 4, , 4
2024/2/19, 58, 19, 30, 4, , 4
2024/2/20, 37, 9, 30, 3, , 3
2024/2/21, 11, 8, 31, 2, , 3
2024/2/22, 19, 12, 30, 3, , 3
2024/2/23, 28, 15, 32, 2, , 3
2024/2/24, 32, 9, 31, 3, , 3
2024/2/25, 27, 18, 37, 3, , 3
2024/2/26, 49, 24, 37, 3, , 3
2024/2/27, 45, 24, 38, , , 2
2024/2/28, 47, 14, 36, , 1, 3
2024/2/29, 36, 34, 37, 3, , 2
2024/3/1, 64, 20, 35, 3, 1, 2
2024/3/2, 45, 52, 43, 6, 1, 4
2024/3/3, 103, 41, 44, 6, 1, 4
2024/3/4, 82, 13, 40, 4, 1, 3
2024/3/5, 30, 23, 42, 4, 1, 3
2024/3/6, 48, 32, 43, 4, 1, 3
2024/3/7, 66, 40, 45, 4, 1, 3
2024/3/8, 78, 29, 39, 4, 1, 2
2024/3/9, 55, 17, 42, 4, 1, 2
2024/3/10, 37, 16, 37, 6, 1, 2
2024/3/11, 36, 26, 44, 4, 1, 3
2024/3/12, 59, 25, 45, 4, , 3
2024/3/13, 56, 30, 61, 6, 1, 3
2024/3/14, 64, 25, 52, 6, 1, 3
2024/3/15, 54, 24, 51, 5, 1, 3
2024/3/16, 53, 23, 47, 4, 1, 3
2024/3/17, 39, 46, 45, 4, 1, 2
2024/3/18, 58, 50, 45, 4, 1, 3
2024/3/19, 65, 26, 39, 3, 1, 2
2024/3/20, 48, 21, 42, 5, 1, 3
2024/3/21, 43, 37, 56, 5, 1, 3
2024/3/22, 51, 45, 44, 4, 1, 3
2024/3/23, 60, 23, 41, 4, 1, 4
2024/3/24, 46, 21, 40, 4, 1, 3
2024/3/25, 34, 10, 37, 3, 1, 3
2024/3/26, 22, 15, 40, 6, 1, 2
2024/3/27, 37, 20, 40, 3, 1, 2
2024/3/28, 24, 42, 53, 6, 1, 3
2024/3/29, 69, 49, 56, 7, 1, 4
2024/3/30, 98, 53, 49, 7, 1, 3
2024/3/31, 89, 38, 53, 8, 1, 3
2023/10/1, 49, 17, 38, 1, 1, 2
2023/10/2, 31, 19, 37, 2, 1, 3
2023/10/3, 30, 15, 59, 2, 1, 3
2023/10/4, 29, 30, 53, 1, 1, 3
2023/10/5, 41, 16, 32, 2, 1, 2
2023/10/6, 28, 17, 35, 3, 1, 3
2023/10/7, 40, 18, 35, 1, 1, 
2023/10/8, 32, 17, 35, 2, 1, 3
2023/10/9, 31, 18, 44, 2, 1, 3
2023/10/10, 42, 22, 44, 2, 1, 3
2023/10/11, 46, 20, 41, 3, 1, 
2023/10/12, 40, 21, 43, 3, 1, 
2023/10/13, 49, 24, 48, 2, 1, 2
2023/10/14, 49, 21, 49, 2, 1, 
2023/10/15, 49, 27, 50, 2, 1, 2
2023/10/16, 51, 22, 37, 3, 1, 2
2023/10/17, 32, 16, 41, 3, 1, 2
2023/10/18, 22, 16, 40, 3, 1, 2
2023/10/19, 27, 15, 34, 2, 1, 2
2023/10/20, 25, 19, 33, 2, 1, 2
2023/10/21, 25, 20, 40, 3, 1, 
2023/10/22, 33, 19, 44, 3, , 2
2023/10/23, 36, 17, 43, 3, 1, 2
2023/10/24, 35, 18, 47, 3, 1, 3
2023/10/25, 42, 25, 58, 3, 1, 3
2023/10/26, 53, 26, 48, 2, 1, 2
2023/10/27, 58, 33, 49, 4, 1, 3
2023/10/28, 63, 27, 51, 3, 1, 
2023/10/29, 56, 18, 42, 3, 1, 2
2023/10/30, 41, 21, 49, 4, 1, 2
2023/10/31, 41, 19, 42, 3, 1, 2
2023/11/1, 37, 20, 42, 3, 1, 2
2023/11/2, 37, 18, 37, 2, 1, 2
2023/11/3, 38, 19, 32, 3, 1, 2
2023/11/4, 32, 25, 34, 1, 1, 2
2023/11/5, 40, 28, 32, 2, 1, 3
2023/11/6, 45, 31, 30, 2, 1, 2
2023/11/7, 55, 22, 36, 4, , 3
2023/11/8, 47, 17, 40, 4, , 3
2023/11/9, 42, 16, 35, 2, , 2
2023/11/10, 31, 17, 32, 2, , 2
2023/11/11, 35, 17, 32, 2, 1, 2
2023/11/12, 40, 15, 32, 3, 1, 2
2023/11/13, 37, 17, 32, 2, , 2
2023/11/14, 33, 20, 35, 4, 1, 3
2023/11/15, 52, 19, 36, 5, 1, 3
2023/11/16, 48, 21, 30, 3, 1, 2
2023/11/17, 41, 18, 30, 2, , 2
2023/11/18, 41, 26, 39, 4, 1, 3
2023/11/19, 53, 32, 36, 5, 1, 3
2023/11/20, 60, 21, 44, 6, 1, 3
2023/11/21, 48, 18, 40, 4, 1, 2
2023/11/22, 47, 39, 62, 5, 1, 3
2023/11/23, 88, 21, 28, 2, 1, 1
2023/11/24, 42, 15, 28, 3, , 1
2023/11/25, 32, 15, 34, 4, 1, 2
2023/11/26, 37, 31, 40, 4, 1, 3
2023/11/27, 66, 47, 31, 5, 1, 3
2023/11/28, 86, 28, 29, 5, 1, 2
2023/11/29, 52, 18, 30, 3, 1, 2
2023/11/30, 41, 13, 28, 3, 1, 2
2023/12/1, 36, 19, 30, 4, 1, 2
2023/12/2, 39, 34, 34, 4, 1, 2
2023/12/3, 70, 26, 31, 5, 1, 2
2023/12/4, 58, 21, 37, 4, 1, 2
2023/12/5, 50, 46, 51, 7, 1, 3
2023/12/6, 96, 57, 39, 5, 1, 2
2023/12/7, 71, 68, 53, 4, 1, 3
2023/12/8, 80, 41, 46, 4, 1, 2
2023/12/9, 59, 25, 33, 3, 1, 2
2023/12/10, 48, 15, 31, 2, 1, 2
2023/12/11, 32, 10, 23, 3, 1, 2
2023/12/12, 25, 15, 30, 3, 1, 2
2023/12/13, 30, 19, 37, 3, 1, 2
2023/12/14, 33, 20, 35, 3, 1, 3
2023/12/15, 35, 12, 31, 2, 1, 2
2023/12/16, 30, 11, 30, 2, , 1
2023/12/17, 28, 11, 28, 2, , 1
2023/12/18, 30, 12, 30, 3, 1, 1
2023/12/19, 32, 26, 33, 3, 1, 2
2023/12/20, 48, 11, 30, 3, 1, 2
2023/12/21, 31, 12, 29, 3, , 2
2023/12/22, 33, 12, 30, 3, 1, 1
2023/12/23, 35, 23, 30, 5, 1, 2
2023/12/24, 54, 32, 31, 4, 1, 2
2023/12/25, 73, 34, 31, 6, 1, 3
2023/12/26, 78, 32, 36, 5, 1, 3
2023/12/27, 76, 31, 38, 5, 1, 2
2023/12/28, 73, 48, 40, 6, 1, 3
2023/12/29, 107, 34, 41, 7, 1, 3
2023/12/30, 83, 51, 39, 5, 1, 5
2023/12/31, 110, 32, 37, 5, 1, 4
2023/7/1, 36, 20, 34, 2, 1, 
2023/7/2, 45, 16, 30, 2, 1, 3
2023/7/3, 32, 13, 28, 3, 1, 
2023/7/4, 47, 30, 54, 3, 1, 4
2023/7/5, 62, 22, 66, 3, 1, 4
2023/7/6, 54, 18, 37, 3, 1, 4
2023/7/7, 47, 18, 38, 2, 1, 3
2023/7/8, 44, 36, 36, 2, 1, 3
2023/7/9, 81, 35, 32, 2, 1, 3
2023/7/10, 71, 21, 20, 1, 1, 3
2023/7/11, 52, 20, 20, 1, 1, 3
2023/7/12, 45, 15, 16, 1, 1, 3
2023/7/13, 34, 14, 16, 1, 1, 
2023/7/14, 22, 9, 16, 1, 1, 2
2023/7/15, 7, 8, 16, 1, 1, 3
2023/7/16, 14, 5, 13, 2, 1, 3
2023/7/17, 14, 10, 27, 1, 1, 3
2023/7/18, 16, 4, 22, 1, 1, 3
2023/7/19, 12, 8, 23, 3, 1, 3
2023/7/20, 30, 10, 30, 3, 1, 3
2023/7/21, 27, 10, 17, 1, 1, 3
2023/7/22, 17, 15, 14, 1, 1, 
2023/7/23, 19, 13, 30, 1, 1, 3
2023/7/24, 16, 14, 12, 3, 1, 3
2023/7/25, 19, 15, 10, 2, 1, 3
2023/7/26, 31, 25, 18, 2, 1, 3
2023/7/27, 54, 17, 12, 2, 1, 3
2023/7/28, 36, 18, 23, 2, 1, 3
2023/7/29, 33, 23, 18, 3, 1, 
2023/7/30, 30, 21, 21, 2, 1, 
2023/7/31, 46, 21, 30, 2, 1, 3
2023/8/1, 40, 20, 29, 2, 1, 3
2023/8/2, 45, 29, 21, 2, 1, 
2023/8/3, 42, 37, 17, 1, 1, 
2023/8/4, 44, 19, 42, 2, 1, 4
2023/8/5, 45, 19, 32, 2, 1, 3
2023/8/6, 46, 18, 38, 2, 1, 3
2023/8/7, 45, 22, 29, 2, 1, 3
2023/8/8, 49, 17, 21, 1, 1, 3
2023/8/9, 43, 13, 34, 2, 1, 3
2023/8/10, 34, 22, 62, 3, 1, 4
2023/8/11, 62, 15, 47, 3, 1, 4
2023/8/12, 73, , 46, 3, 1, 4
2023/8/14, 48, 26, 37, 2, 1, 3
2023/8/15, 41, 28, 40, 3, 1, 3
2023/8/16, 54, 20, 38, 2, 1, 3
2023/8/17, 43, 14, 27, 2, 1, 3
2023/8/18, 21, 16, 42, 3, 1, 3
2023/8/19, 33, 18, 28, 2, 1, 3
2023/8/20, 41, 16, 15, 2, 1, 
2023/8/21, 34, 18, 23, 1, , 
2023/8/22, 25, 21, 49, 1, 1, 4
2023/8/23, 24, 13, 41, 2, 1, 3
2023/8/24, 17, 24, 48, 2, 1, 3
2023/8/25, 35, 23, 46, 1, 1, 
2023/8/26, 39, 20, 47, 1, 1, 3
2023/8/27, 37, 22, 30, 1, 1, 2
2023/8/28, 29, 17, 19, 1, , 2
2023/8/29, 15, 10, 37, 1, 1, 3
2023/8/30, 8, 11, 34, 2, 1, 3
2023/8/31, 14, 18, 29, 2, 1, 3
2023/9/1, 27, 21, 18, 1, 1, 3
2023/9/2, 15, 24, 18, 1, 2, 
2023/9/3, 31, 23, 30, 1, 2, 
2023/9/4, 41, 18, 40, 2, 1, 3
2023/9/5, 32, 19, 35, 2, 1, 3
2023/9/6, 39, 21, 46, 2, , 
2023/9/7, 42, 18, 36, 2, , 3
2023/9/8, 29, 17, 44, 2, 1, 4
2023/9/9, 39, 23, 42, 2, 1, 3
2023/9/10, 40, 22, 38, 2, 1, 3
2023/9/11, 32, 23, 31, 1, 1, 3
2023/9/12, 51, 24, 34, 2, 1, 3
2023/9/13, 60, 14, 28, 2, 1, 3
2023/9/14, 35, 11, 35, 2, 1, 3
2023/9/15, 17, 13, 19, 2, 1, 3
2023/9/16, 18, 11, 32, 2, 1, 3
2023/9/17, 12, 13, 35, 2, 1, 3
2023/9/18, 16, 15, 39, 2, 1, 
2023/9/19, 26, 20, 40, 2, , 3
2023/9/20, 43, 15, 38, 1, 1, 3
2023/9/21, 19, 13, 32, 2, 1, 4
2023/9/22, 26, 18, 38, 1, 1, 3
2023/9/23, 35, 25, 37, 1, 1, 
2023/9/24, 34, 24, 39, 2, 1, 3
2023/9/25, 38, 19, 37, 2, 1, 4
2023/9/26, 42, 16, 46, 3, 1, 4
2023/9/27, 33, 21, 46, 2, 1, 5
2023/9/28, 54, 35, 62, 2, 1, 5
2023/9/29, 72, 23, 40, 2, 1, 4
2023/9/30, 49, 29, 45, 1, 1, 3
2023/4/1, 80, 42, 62, 4, 2, 4
2023/4/2, 72, 31, 47, 4, 1, 4
2023/4/3, 48, 37, 46, 3, 2, 4
2023/4/4, 39, 30, 42, 2, 2, 5
2023/4/5, 43, 27, 45, 4, 1, 5
2023/4/6, 73, 44, 48, 3, 1, 4
2023/4/7, 89, 31, 43, 2, 2, 2
2023/4/8, 24, 49, 42, 4, 2, 2
2023/4/9, 33, 31, 44, 3, 2, 2
2023/4/10, 24, 24, 37, 2, 1, 3
2023/4/11, 29, 171, 42, 2, 1, 2
2023/4/12, 108, 76, 46, 4, 1, 2
2023/4/13, 55, 33, 39, 3, , 3
2023/4/14, 46, 26, 46, 1, 2, 3
2023/4/15, 45, 72, 53, 3, , 3
2023/4/16, 84, 72, 55, 3, , 3
2023/4/17, 71, 47, 47, 1, 1, 4
2023/4/18, 54, 30, 34, 2, 1, 4
2023/4/19, 47, 40, 42, 5, 2, 3
2023/4/20, 63, 59, 46, 2, 2, 3
2023/4/21, 66, 125, 40, 2, 1, 3
2023/4/22, 107, 49, 41, 2, 1, 3
2023/4/23, 52, 24, 40, 2, 1, 2
2023/4/24, 26, 10, 35, 3, 1, 3
2023/4/25, 18, 27, 49, 3, 1, 3
2023/4/26, 38, 15, 49, 4, 1, 3
2023/4/27, 25, 19, 42, 3, 1, 4
2023/4/28, 40, 22, 37, 2, 1, 4
2023/4/29, 48, 28, 48, 3, 1, 2
2023/4/30, 39, 48, 56, 4, 1, 3
2023/5/1, 67, 31, 59, 6, 1, 3
2023/5/2, 49, 23, 46, 4, 2, 3
2023/5/3, 40, 15, 45, 1, 1, 3
2023/5/4, 26, 28, 34, 2, 1, 
2023/5/5, 31, 13, 34, 3, 1, 4
2023/5/6, 35, 16, 36, 2, 1, 4
2023/5/7, 39, 22, 44, 3, 1, 3
2023/5/8, 57, 23, 59, 3, , 3
2023/5/9, 57, 25, 74, 4, , 3
2023/5/10, 49, 30, 69, 4, 1, 4
2023/5/11, 55, 24, 52, 3, 1, 3
2023/5/12, 35, 6, 45, 2, 1, 3
2023/5/13, 12, 12, 50, 3, 1, 3
2023/5/14, 19, 38, 95, 4, 1, 4
2023/5/15, 75, 25, 60, 4, 1, 4
2023/5/16, 53, 29, 56, 2, 1, 5
2023/5/17, 35, 9, 51, 2, 1, 3
2023/5/18, 17, 7, 44, 2, 1, 
2023/5/19, 16, 27, 52, 3, 1, 
2023/5/20, 56, 21, 43, 2, 1, 4
2023/5/21, 51, 22, 37, 3, 1, 3
2023/5/22, 41, 93, 55, 3, , 4
2023/5/23, 101, 54, 53, 4, , 3
2023/5/24, 65, 23, 51, 2, 1, 3
2023/5/25, 37, 26, 39, 2, 1, 3
2023/5/26, 30, 24, 34, 2, 2, 4
2023/5/27, 13, 17, 32, 1, 1, 
2023/5/28, 14, 5, 16, 1, 1, 
2023/5/30, 5, 8, 39, 2, 2, 4
2023/5/31, 41, 2, 24, 5, 1, 3
2023/6/1, 6, 20, 69, 3, , 2
2023/6/2, 53, 38, 60, 2, 1, 2
2023/6/3, 72, 22, 59, 4, , 2
2023/6/4, 62, 15, 46, 4, 1, 2
2023/6/5, 54, 6, 53, 2, 1, 3
2023/6/6, 34, 12, 52, 2, 1, 2
2023/6/7, 53, 8, 47, 3, 1, 2
2023/6/8, 26, 11, 52, 2, 1, 3
2023/6/9, 42, 11, 42, 2, 1, 2
2023/6/10, 32, 9, 33, 2, 1, 
2023/6/11, 29, 23, 31, 3, 1, 
2023/6/12, 40, 17, 34, 3, 1, 3
2023/6/13, 37, 20, 52, 3, 1, 2
2023/6/14, 54, 28, 60, 3, 1, 2
2023/6/15, 63, 25, 55, 2, 1, 2
2023/6/16, 64, 23, 43, 2, 1, 1
2023/6/17, 62, 19, 47, 3, 1, 1
2023/6/18, 59, 28, 53, 4, , 2
2023/6/19, 71, 32, 41, 2, 1, 1
2023/6/20, 69, 17, 40, 2, 1, 2
2023/6/21, 48, 21, 49, 5, 1, 1
2023/6/22, 54, 24, 57, 5, 1, 1
2023/6/23, 65, 23, 40, 3, 1, 1
2023/6/24, 61, 22, 51, 2, 1, 1
2023/6/25, 53, 17, 15, 1, 1, 3
2023/6/26, 38, 13, 15, 2, 1, 3
2023/6/27, 27, 14, 18, 2, 1, 3
2023/6/28, 15, 24, 18, 2, 1, 
2023/6/29, 18, 21, 33, 2, 1, 4
2023/6/30, 25, 17, 37, 2, 1, 3
2023/1/2, 16, 19, 36, 3, 1, 3
2023/1/3, 33, 19, 50, 3, 1, 3
2023/1/4, 41, 52, 50, 8, 1, 4
2023/1/5, 122, 42, 46, 7, 1, 4
2023/1/6, 96, 67, 39, 5, 1, 4
2023/1/7, 89, 60, 42, 6, 1, 4
2023/1/8, 73, 53, 52, 5, 1, 4
2023/1/9, 76, 25, 34, 3, 1, 3
2023/1/10, 44, 16, 33, 4, 1, 3
2023/1/11, 28, 14, 36, 4, 1, 3
2023/1/12, 29, 18, 35, 3, , 4
2023/1/13, 26, 12, 26, 4, , 4
2023/1/14, 39, 15, 33, 1, 1, 3
2023/1/15, 30, 14, 33, 1, 1, 2
2023/1/16, 20, 13, 33, 2, , 
2023/1/17, 27, 36, 36, 4, 1, 4
2023/1/18, 72, 47, 35, 3, 1, 3
2023/1/19, 59, 61, 32, 4, 1, 4
2023/1/20, 76, 17, 31, 3, 1, 
2023/1/21, 26, 11, 33, 3, 1, 3
2023/1/22, 16, 28, 37, 2, 1, 3
2023/1/23, 47, 18, 32, 1, , 3
2023/1/24, 34, 7, 31, 3, , 2
2023/1/25, 12, 8, 33, 4, 1, 3
2023/1/26, 17, 16, 29, 2, 1, 3
2023/1/27, 36, 16, 31, 1, , 3
2023/1/28, 22, 41, 37, 4, 1, 4
2023/1/29, 61, 34, 34, 3, 1, 3
2023/1/30, 34, 22, 44, 5, 1, 3
2023/1/31, 24, 32, 47, 3, 1, 3
2023/2/1, 50, 21, 34, 3, 1, 2
2023/2/2, 14, 18, 37, 2, 1, 
2023/2/3, 11, 31, 42, 4, 2, 4
2023/2/4, 44, 23, 40, 4, 1, 3
2023/2/5, 41, 15, 35, 5, 1, 3
2023/2/6, 32, 22, 38, 6, 2, 4
2023/2/7, 49, 25, 45, 3, 1, 3
2023/2/8, 43, 26, 41, 4, 1, 3
2023/2/9, 49, 10, 48, 2, 1, 3
2023/2/10, 21, 23, 36, 5, , 4
2023/2/11, 62, 15, 42, 3, 1, 4
2023/2/12, 42, 22, 38, 4, 1, 5
2023/2/13, 58, 22, 37, 2, 1, 4
2023/2/14, 50, 13, 32, 3, 1, 3
2023/2/15, 29, 10, 31, 3, , 3
2023/2/16, 30, 18, 28, 7, 1, 4
2023/2/17, 49, 16, 34, 3, 1, 4
2023/2/18, 29, 30, 38, 3, , 4
2023/2/19, 69, 32, 39, 2, 1, 3
2023/2/20, 31, 17, 36, 2, 2, 4
2023/2/21, 28, 18, 36, 4, 1, 3
2023/2/22, 31, 10, 31, 4, 1, 4
2023/2/23, 27, 28, 43, 4, 2, 3
2023/2/24, 66, 22, 40, 2, 1, 3
2023/2/25, 36, 16, 40, 2, 1, 4
2023/2/26, 22, 16, 47, 4, 2, 3
2023/2/27, 36, 15, 41, 3, 1, 3
2023/2/28, 28, 27, 48, 4, , 4
2023/3/1, 64, 28, 38, 2, 1, 3
2023/3/2, 28, 16, 42, 3, 2, 3
2023/3/3, 26, 47, 68, 7, 3, 4
2023/3/4, 92, 54, 63, 7, 3, 5
2023/3/5, 104, 43, 64, 6, 2, 4
2023/3/6, 78, 36, 58, 3, 1, 4
2023/3/7, 50, 36, 64, 4, 2, 4
2023/3/8, 56, 40, 39, 6, , 5
2023/3/9, 86, 72, 88, 8, 2, 5
2023/3/10, 132, 76, 85, 6, 2, 5
2023/3/11, 146, 34, 39, 4, 2, 4
2023/3/12, 60, 32, 38, 3, 1, 3
2023/3/13, 27, 32, 45, 3, 2, 4
2023/3/14, 25, 19, 43, 3, 3, 3
2023/3/15, 31, 29, 44, 3, 2, 3
2023/3/16, 38, 34, 39, 3, 2, 4
2023/3/17, 43, 34, 48, 4, 2, 4
2023/3/18, 42, 53, 57, 5, , 5
2023/3/19, 76, 48, 59, 6, 2, 5
2023/3/20, 77, 14, 37, 4, 1, 4
2023/3/21, 29, 10, 33, 3, 1, 4
2023/3/22, 18, 11, 41, 4, 2, 5
2023/3/23, 32, 39, 36, 4, 2, 4
2023/3/24, 63, 62, 37, 2, 1, 3
2023/3/25, 66, 54, 46, 2, , 4
2023/3/26, 60, 22, 48, 3, 1, 3
2023/3/27, 24, 36, 56, 5, 2, 4
2023/3/28, 54, 70, 85, 7, 2, 5
2023/3/29, 119, 40, 69, 6, , 5
2023/3/30, 66, 27, 59, 4, 2, 4
2023/3/31, 44, 48, 70, 5, 2, 5
2022/10/1, 60, 20, 55, 2, 1, 3
2022/10/2, 56, 25, 34, 2, 1, 4
2022/10/3, 50, 16, 28, 2, 1, 3
2022/10/4, 25, 12, 29, 3, 1, 2
2022/10/5, 32, 21, 29, 6, 1, 2
2022/10/6, 28, 27, 35, 7, 1, 2
2022/10/7, 28, 14, 34, 1, 1, 2
2022/10/8, 21, 14, 41, 1, 1, 2
2022/10/9, 19, 19, 36, 1, 1, 2
2022/10/10, 26, 17, 35, 1, 1, 1
2022/10/11, 22, 19, 45, 3, 1, 2
2022/10/12, 33, 23, 42, 2, 1, 2
2022/10/13, 32, 18, 41, 2, 1, 3
2022/10/14, 26, 21, 45, 2, 1, 3
2022/10/15, 37, 22, 47, 2, 1, 4
2022/10/16, 46, 34, 42, 1, , 2
2022/10/17, 44, 24, 31, 1, 1, 2
2022/10/18, 23, 21, 37, 2, , 2
2022/10/19, 25, 23, 49, 3, 1, 2
2022/10/20, 36, 17, 43, 2, 1, 2
2022/10/21, 32, 21, 33, 2, 1, 2
2022/10/22, 41, 28, 56, 2, 1, 2
2022/10/23, 43, 24, 34, 1, 1, 2
2022/10/24, 23, 19, 33, 4, 1, 2
2022/10/25, 16, 18, 33, 2, 1, 2
2022/10/26, 19, 13, 36, 2, , 2
2022/10/27, 16, 27, 68, 5, 2, 3
2022/10/28, 54, 23, 41, 2, 1, 3
2022/10/29, 39, 22, 37, 1, 1, 3
2022/10/30, 28, 40, 42, 3, 1, 3
2022/10/31, 35, 29, 46, 5, 1, 3
2022/11/1, 46, 49, 49, 4, 1, 4
2022/11/2, 76, 32, 49, 3, 1, 3
2022/11/3, 53, 26, 35, 1, 1, 2
2022/11/4, 29, 14, 38, 2, 1, 2
2022/11/5, 16, , 41, 2, 1, 2
2022/11/6, 30, 26, 42, 4, 1, 3
2022/11/7, 48, 24, 45, 4, 1, 3
2022/11/8, 47, 25, 54, 4, 1, 4
2022/11/9, 51, 22, 44, 3, 1, 4
2022/11/10, 51, 32, 51, 3, 1, 4
2022/11/11, 61, 28, 38, 2, 1, 4
2022/11/12, 51, 17, 31, 1, 1, 5
2022/11/13, 35, 20, 35, 2, 1, 4
2022/11/14, 42, 16, 36, 2, 1, 3
2022/11/15, 22, 33, 43, 4, 1, 4
2022/11/16, 59, 31, 35, 5, 1, 4
2022/11/17, 63, 26, 47, 4, 1, 4
2022/11/18, 53, 24, 40, 2, 1, 
2022/11/19, 43, 18, 33, 2, 1, 4
2022/11/20, 38, 20, 35, 2, 1, 4
2022/11/21, 43, 23, 35, 5, 1, 4
2022/11/22, 43, 19, 37, 2, 1, 3
2022/11/23, 42, 29, 43, 3, 1, 2
2022/11/24, 46, 22, 42, 3, 1, 2
2022/11/25, 41, 32, 42, 2, 1, 2
2022/11/26, 51, 39, 41, 4, 1, 3
2022/11/27, 60, 30, 41, 1, 1, 
2022/11/28, 30, 19, 31, 2, 1, 3
2022/11/29, 27, 19, 29, 1, 1, 
2022/11/30, 28, 7, 28, 2, , 
2022/12/1, 13, 9, 29, 2, , 2
2022/12/2, 13, 10, 28, 3, 1, 2
2022/12/3, 22, 20, 29, 3, , 2
2022/12/4, 33, 11, 31, 2, 1, 
2022/12/5, 12, 26, 37, 3, 1, 2
2022/12/6, 45, 36, 39, 4, 1, 3
2022/12/7, 66, 18, 33, 3, 1, 2
2022/12/8, 32, 21, 37, 4, 1, 2
2022/12/9, 37, 31, 40, 4, 1, 4
2022/12/10, 69, 24, 39, 2, 1, 3
2022/12/11, 53, 21, 31, 4, 1, 3
2022/12/12, 42, 65, 33, 4, 1, 3
2022/12/13, 76, 20, 31, 2, 1, 2
2022/12/14, 22, 18, 33, 3, 1, 2
2022/12/15, 21, 27, 36, 3, 1, 3
2022/12/16, 51, 12, 31, 2, 1, 2
2022/12/17, 21, 10, 33, 1, 1, 2
2022/12/18, 13, 22, 31, 4, 1, 3
2022/12/19, 28, 32, 36, 4, 1, 3
2022/12/20, 52, 15, 35, 4, 1, 3
2022/12/21, 37, 17, 31, 2, , 3
2022/12/22, 24, 10, 34, 1, 1, 2
2022/12/23, 15, 9, 31, 1, , 
2022/12/24, 15, 14, 36, 1, , 2
2022/12/25, 20, 19, 35, 2, , 3
2022/12/26, 38, 19, 36, 3, 1, 3
2022/12/27, 43, 34, 36, 4, 1, 4
2022/12/28, 67, 21, 32, 3, 1, 4
2022/12/29, 38, 37, 36, 5, 1, 3
2022/12/30, 76, 21, 37, 3, 1, 2
2022/12/31, 44, 47, 52, 6, 1, 4
2023/1/1, 104, 14, 34, 3, 1, 2
2022/7/1, 21, 19, 27, 3, 2, 3
2022/7/2, 50, 16, 27, 3, 2, 3
2022/7/3, 48, 11, 16, 1, 1, 4
2022/7/4, 16, 11, 24, 3, 1, 
2022/7/5, 39, 13, 20, 1, 1, 4
2022/7/6, 19, 16, 21, 1, 1, 4
2022/7/7, 26, 22, 35, 2, 1, 4
2022/7/8, 41, 20, 52, 2, 1, 4
2022/7/9, 55, 18, 47, 3, 1, 4
2022/7/10, 52, 12, 36, 3, 1, 4
2022/7/11, 40, 13, 38, 3, 1, 
2022/7/12, 12, 17, 29, 1, 1, 
2022/7/13, 18, 23, 37, 2, 1, 4
2022/7/14, 33, 16, 36, 4, 1, 4
2022/7/15, 35, 17, 43, 2, 1, 3
2022/7/16, 30, 19, 40, 3, 1, 3
2022/7/17, 38, 32, 54, 1, 1, 4
2022/7/18, 50, 22, 53, 2, 1, 4
2022/7/19, 42, 22, 42, 2, 1, 3
2022/7/20, 53, 21, 43, 1, 1, 3
2022/7/21, 33, 13, 46, 2, , 
2022/7/22, 29, 19, 54, 1, 1, 4
2022/7/23, 55, 15, 45, 2, 1, 4
2022/7/24, 39, 13, 43, 3, , 3
2022/7/25, 32, 9, 40, 2, 1, 3
2022/7/26, 26, 9, 34, 2, 1, 
2022/7/27, 25, 14, 32, 2, 1, 4
2022/7/28, 55, 13, 30, 2, 1, 3
2022/7/29, 29, 11, 20, 1, 1, 3
2022/7/30, 15, 18, 19, 1, 1, 3
2022/7/31, 15, 22, 38, 1, 1, 3
2022/8/1, 21, 12, 31, , 1, 3
2022/8/2, 12, 7, 18, 2, 1, 3
2022/8/3, 5, 5, 23, 2, 1, 3
2022/8/4, 8, 6, 19, 1, 1, 3
2022/8/5, 11, 10, 29, 2, 1, 3
2022/8/6, 20, 13, 29, 1, 1, 3
2022/8/7, 27, 7, 18, 1, 1, 3
2022/8/8, 6, 7, 19, 1, 1, 3
2022/8/9, 10, 5, 17, 1, 1, 3
2022/8/10, 13, 3, 23, 1, 1, 
2022/8/12, 39, 12, 34, 2, 1, 4
2022/8/13, 34, 9, 23, 1, 1, 
2022/8/14, 18, 6, 19, 1, 1, 
2022/8/15, 11, 17, 19, 1, 1, 4
2022/8/16, 26, 9, 31, 2, 1, 4
2022/8/17, 21, 10, 41, 2, 1, 4
2022/8/18, 14, 10, 22, 3, 1, 4
2022/8/19, 22, 20, 40, 2, , 4
2022/8/20, 54, 11, 39, 2, , 4
2022/8/21, 38, 10, 40, 2, , 3
2022/8/22, 31, 13, 39, 2, 1, 4
2022/8/23, 33, 20, 36, 3, 1, 4
2022/8/24, 42, 17, 39, 2, 1, 3
2022/8/25, 47, 15, 42, 2, 1, 3
2022/8/26, 49, 19, 50, 1, 1, 3
2022/8/27, 59, 16, 37, 1, 1, 3
2022/8/28, 48, 18, 40, 1, , 4
2022/8/29, 48, 19, 34, 2, 1, 4
2022/8/30, 62, 11, 37, 2, 1, 3
2022/8/31, 40, 15, 35, 2, , 3
2022/9/1, 51, 10, 38, 1, 1, 3
2022/9/2, 33, 16, 21, 1, 1, 3
2022/9/3, 39, 20, 12, 1, 1, 3
2022/9/4, 48, 34, 20, 1, 1, 4
2022/9/5, 60, 20, 42, 1, 1, 2
2022/9/6, 47, 23, 61, 2, 1, 2
2022/9/7, 59, 26, 67, 2, 1, 3
2022/9/8, 70, 23, 40, 2, 1, 3
2022/9/9, 62, 26, 34, 1, 1, 3
2022/9/10, 60, 23, 28, 1, 1, 3
2022/9/11, 63, 25, 34, 1, 1, 3
2022/9/12, 62, 23, 26, 1, 1, 3
2022/9/13, 60, 30, 29, , 1, 3
2022/9/14, 66, 38, 33, 1, 1, 3
2022/9/15, 72, 26, 27, 2, 1, 4
2022/9/16, 58, 23, 44, 2, 1, 4
2022/9/17, 68, 17, 39, 2, 1, 4
2022/9/18, 63, 21, 35, 1, 1, 3
2022/9/19, 61, 32, 33, 2, , 2
2022/9/20, 59, 24, 35, 2, , 2
2022/9/21, 54, 20, 40, 2, 1, 3
2022/9/22, 50, 22, 50, 2, 1, 3
2022/9/23, 60, 16, 37, 1, , 2
2022/9/24, 43, 17, 41, 2, 1, 3
2022/9/25, 52, 19, 54, 3, 2, 4
2022/9/26, 60, 19, 51, 3, 1, 3
2022/9/27, 63, 19, 35, 3, 1, 3
2022/9/28, 54, 15, 45, 2, 1, 3
2022/9/29, 49, 23, 65, 2, 1, 3
2022/9/30, 61, 21, 59, 2, 1, 3
2022/4/1, 47, 18, 44, 4, 1, 3
2022/4/2, 47, 16, 50, 4, 1, 3
2022/4/3, 40, 26, 57, 5, 1, 3
2022/4/4, 54, 25, 49, 8, 2, 3
2022/4/5, 54, 25, 52, 7, 1, 3
2022/4/6, 57, 31, 56, 7, 1, 3
2022/4/7, 63, 35, 56, 7, 1, 3
2022/4/8, 63, 27, 52, 5, 1, 3
2022/4/9, 51, 26, 47, 4, 1, 3
2022/4/10, 56, 21, 33, 4, 1, 3
2022/4/11, 44, 11, 23, 4, , 3
2022/4/12, 27, 15, 35, 3, , 3
2022/4/13, 35, 16, 32, 3, , 4
2022/4/14, 35, 26, 57, 3, 1, 3
2022/4/15, 55, 41, 55, 5, 1, 3
2022/4/16, 83, 29, 59, 3, 1, 2
2022/4/17, 47, 29, 73, 6, 1, 3
2022/4/18, 54, 34, 74, 6, 1, 3
2022/4/19, 58, 28, 74, 6, 1, 3
2022/4/20, 55, 23, 53, 7, 1, 3
2022/4/21, 60, 20, 61, 5, 1, 3
2022/4/22, 53, 22, 40, 5, 1, 4
2022/4/23, 60, 25, 49, 5, 1, 4
2022/4/24, 60, 18, 45, 5, 1, 3
2022/4/25, 45, 10, 16, 3, 1, 3
2022/4/26, 21, 51, 44, 2, 1, 3
2022/4/27, 67, 55, 42, 2, 1, 
2022/4/28, 64, 16, 47, 2, , 3
2022/4/29, 48, 14, 43, 2, 1, 2
2022/4/30, 35, 32, 43, 2, 1, 3
2022/5/1, 46, 35, 61, 3, 1, 4
2022/5/2, 60, 23, 64, 3, 1, 4
2022/5/3, 44, 21, 60, 5, 1, 4
2022/5/4, 47, 24, 45, 4, 1, 4
2022/5/5, 49, 27, 45, 3, 1, 4
2022/5/6, 57, 25, 38, 3, 1, 4
2022/5/7, 56, 29, 38, 2, 1, 3
2022/5/8, 52, 24, 43, 2, 1, 
2022/5/9, 38, 28, 43, 2, , 3
2022/5/10, 43, 17, 33, 3, , 3
2022/5/11, 45, 16, 32, 2, , 3
2022/5/12, 42, 14, 33, 3, , 3
2022/5/13, 28, 29, 54, 2, 1, 2
2022/5/14, 45, 17, 45, 1, 1, 1
2022/5/15, 26, 19, 52, 3, 1, 1
2022/5/16, 35, 36, 81, 6, 1, 2
2022/5/17, 73, 34, 80, 5, 1, 2
2022/5/18, 71, 30, 77, 5, 1, 2
2022/5/19, 65, 25, 50, 4, 2, 2
2022/5/20, 57, 21, 49, 4, 1, 1
2022/5/21, 50, 21, 52, 4, 1, 
2022/5/22, 49, 25, 47, 5, 1, 2
2022/5/23, 57, 22, 51, 4, 1, 1
2022/5/24, 48, 25, 46, 4, 1, 2
2022/5/25, 51, 22, 47, 3, , 3
2022/5/26, 41, 24, 58, 4, 1, 3
2022/5/27, 40, 21, 48, 5, 1, 3
2022/5/28, 50, 14, 46, 2, 1, 3
2022/5/29, 32, 18, 43, 3, , 3
2022/5/30, 41, 21, 46, 4, 1, 2
2022/5/31, 40, 19, 47, 6, 1, 3
2022/6/1, 40, 19, 49, 4, 1, 3
2022/6/2, 48, 22, 40, 4, 1, 3
2022/6/3, 57, 36, 44, 3, 1, 3
2022/6/4, 63, 14, 42, 1, 1, 3
2022/6/5, 24, 15, 42, 2, 1, 
2022/6/6, 30, 19, 36, 3, 1, 
2022/6/7, 30, 17, 30, 1, 1, 2
2022/6/8, 30, 18, 32, 2, 1, 2
2022/6/9, 37, 24, 36, 3, 1, 2
2022/6/10, 53, 21, 43, 2, 1, 2
2022/6/11, 53, 26, 33, 1, 1, 2
2022/6/12, 50, 21, 40, 1, 1, 2
2022/6/13, 46, 8, 34, 2, 1, 2
2022/6/14, 18, 18, 68, 3, 1, 3
2022/6/15, 44, 36, 80, 3, 1, 4
2022/6/16, 88, 14, 39, 2, 1, 4
2022/6/17, 37, 12, 31, 2, 1, 3
2022/6/18, 27, 9, 26, 2, 1, 4
2022/6/19, 24, 8, 26, 2, 1, 3
2022/6/20, 15, 7, 32, 1, 1, 3
2022/6/21, 22, 15, 31, 3, 1, 3
2022/6/22, 40, 22, 26, 2, 1, 4
2022/6/23, 45, 20, 48, 1, 1, 4
2022/6/24, 41, 22, 41, 1, , 3
2022/6/25, 52, 15, 16, 1, 1, 3
2022/6/26, 28, 20, 12, 1, 1, 3
2022/6/27, 29, 26, 18, 1, , 3
2022/6/28, 38, 25, 17, 1, , 3
2022/6/29, 31, 17, 16, 1, 1, 4
2022/6/30, 16, 11, 14, 2, 2, 3
2022/1/3, 48, 28, 36, 5, 1, 4
2022/1/4, 59, 9, 31, 5, 1, 3
2022/1/5, 23, 20, 34, 6, 1, 3
2022/1/6, 50, 16, 33, 7, 1, 3
2022/1/7, 43, 18, 34, 5, 1, 3
2022/1/8, 48, 44, 41, 6, 1, 4
2022/1/9, 105, 35, 36, 8, 1, 4
2022/1/10, 82, 13, 33, 3, , 3
2022/1/11, 30, 11, 32, 3, , 
2022/1/12, 25, 16, 30, 4, 1, 3
2022/1/13, 42, 15, 30, 4, 1, 
2022/1/14, 28, 16, 29, 7, 2, 3
2022/1/15, 38, 30, 33, 5, 1, 3
2022/1/16, 67, 28, 36, 4, 1, 3
2022/1/17, 56, 16, 32, 4, 1, 2
2022/1/18, 30, 17, 36, 6, 1, 4
2022/1/19, 42, 18, 33, 4, 1, 4
2022/1/20, 43, 19, 33, 7, 1, 3
2022/1/21, 50, 14, 34, 5, 1, 3
2022/1/22, 29, 11, 32, 4, 2, 3
2022/1/23, 29, 30, 35, 5, 1, 3
2022/1/24, 62, 19, 36, 6, , 4
2022/1/25, 46, 47, 38, 5, , 6
2022/1/26, 112, 41, 34, 6, 1, 4
2022/1/27, 98, 16, 36, 3, 1, 3
2022/1/28, 35, 14, 36, 2, 1, 2
2022/1/29, 30, 15, 37, 2, 1, 3
2022/1/30, 27, 12, 38, 3, 1, 2
2022/1/31, 26, 42, 39, 4, 1, 4
2022/2/1, 86, 30, 40, 3, 1, 3
2022/2/2, 70, 15, 38, 3, 1, 2
2022/2/3, 34, 29, 44, 3, , 4
2022/2/4, 64, 18, 37, 2, 1, 2
2022/2/5, 42, 13, 36, 2, 1, 2
2022/2/6, 30, 14, 35, 4, 1, 
2022/2/7, 27, 15, 37, 3, 1, 
2022/2/8, 36, 24, 39, 6, 1, 4
2022/2/9, 61, 22, 54, 4, 1, 4
2022/2/10, 53, 36, 49, 7, 2, 4
2022/2/11, 83, 33, 50, 7, 1, 4
2022/2/12, 75, 34, 46, 6, 1, 4
2022/2/13, 75, 36, 52, 6, 1, 4
2022/2/14, 85, 30, 38, 4, , 4
2022/2/15, 61, 22, 37, 3, , 3
2022/2/16, 49, 17, 35, 3, 1, 3
2022/2/17, 44, 15, 33, 5, 1, 3
2022/2/18, 32, 15, 36, 3, , 4
2022/2/19, 37, 15, 36, 2, , 3
2022/2/20, 33, 29, 40, 4, 1, 4
2022/2/21, 59, 26, 36, 4, 1, 3
2022/2/22, 52, 16, 37, 2, , 2
2022/2/23, 33, 19, 41, 3, 1, 3
2022/2/24, 42, 28, 45, 6, 1, 3
2022/2/25, 62, 40, 56, 9, 2, 4
2022/2/26, 80, 27, 43, 4, 1, 3
2022/2/27, 52, 18, 41, 7, 1, 3
2022/2/28, 39, 33, 50, 4, 1, 4
2022/3/1, 66, 20, 38, 3, 1, 3
2022/3/2, 27, 46, 58, 8, 1, 4
2022/3/3, 83, 57, 56, 8, 1, 4
2022/3/4, 97, 56, 45, 4, 1, 3
2022/3/5, 49, 24, 38, 3, 1, 
2022/3/6, 21, 23, 43, 5, 1, 3
2022/3/7, 35, 45, 51, 8, 1, 3
2022/3/8, 65, 60, 74, 10, 1, 5
2022/3/9, 120, 45, 63, 9, 1, 4
2022/3/10, 83, 39, 48, 7, 1, 4
2022/3/11, 67, 29, 44, 7, 2, 4
2022/3/12, 52, 29, 40, 4, 2, 4
2022/3/13, 50, 18, 38, 6, 2, 5
2022/3/14, 52, 30, 45, 6, 2, 4
2022/3/15, 56, 34, 52, 7, 2, 4
2022/3/16, 55, 34, 43, 5, 2, 4
2022/3/17, 59, 10, 38, 4, 2, 
2022/3/18, 22, 22, 36, 4, 2, 4
2022/3/19, 49, 14, 37, 4, 2, 4
2022/3/20, 41, 20, 37, 4, , 3
2022/3/21, 54, 20, 44, 4, , 3
2022/3/22, 48, 35, 44, 6, 1, 
2022/3/23, 80, 56, 61, 8, 1, 4
2022/3/24, 124, 43, 43, 6, 1, 4
2022/3/25, 77, 24, 44, 3, 1, 4
2022/3/26, 41, 40, 49, 2, 1, 3
2022/3/27, 46, 21, 40, 3, 1, 2
2022/3/28, 34, 20, 44, 4, 1, 3
2022/3/29, 39, 26, 40, 5, , 4
2022/3/30, 56, 24, 44, 4, , 3
2022/3/31, 51, 20, 41, 3, 1, 3
2021/10/1, 31, 27, 63, 2, 1, 5
2021/10/2, 54, 30, 61, 2, 1, 4
2021/10/3, 59, 35, 42, 2, 1, 4
2021/10/4, 46, 23, 34, 3, 1, 4
2021/10/5, 34, 24, 39, 3, 1, 4
2021/10/6, 43, 23, 45, 2, 1, 
2021/10/7, 46, 25, 43, 2, 2, 5
2021/10/8, 56, 24, 40, 2, 1, 4
2021/10/9, 54, 26, 29, 2, 1, 4
2021/10/10, 37, 15, 29, 2, 1, 4
2021/10/11, 20, 14, 31, 2, , 4
2021/10/12, 15, 14, 31, 2, , 
2021/10/13, 10, 13, 32, 2, , 
2021/10/14, 10, 13, 43, 3, , 3
2021/10/15, 15, 13, 36, 2, , 3
2021/10/16, 23, 17, 35, 2, , 2
2021/10/17, 19, 12, 37, 4, , 3
2021/10/18, 19, 15, 45, 2, , 2
2021/10/19, 26, 14, 34, 3, 1, 2
2021/10/20, 20, 13, 38, 2, , 2
2021/10/21, 14, 19, 44, 3, , 
2021/10/22, 34, 17, 45, 3, 1, 
2021/10/23, 33, 11, 38, 3, 1, 2
2021/10/24, 20, 16, 45, 3, , 2
2021/10/25, 34, 18, 52, 4, , 2
2021/10/26, 42, 32, 63, 2, 1, 3
2021/10/27, 63, 16, 49, 3, 1, 2
2021/10/28, 26, 19, 36, 3, 1, 3
2021/10/29, 20, 17, 34, 4, 1, 4
2021/10/30, 21, 15, 42, 3, 1, 3
2021/10/31, 32, 35, 56, 3, 1, 4
2021/11/1, 74, 25, 41, 3, 2, 3
2021/11/2, 46, 21, 47, 3, 1, 3
2021/11/3, 45, 32, 53, 3, 1, 3
2021/11/4, 65, 30, 48, 5, 1, 3
2021/11/5, 62, 23, 39, 2, 1, 3
2021/11/6, 23, 17, 41, 2, 1, 
2021/11/7, 17, 16, 41, 2, 1, 3
2021/11/8, 18, 17, 33, 2, , 2
2021/11/9, 22, 14, 31, 3, , 
2021/11/10, 27, 13, 36, 2, , 
2021/11/11, 17, 13, 33, 3, , 
2021/11/12, 17, 23, 36, 5, 1, 3
2021/11/13, 43, 49, 54, 6, 2, 4
2021/11/14, 81, 51, 54, 6, 1, 4
2021/11/15, 76, 52, 71, 6, 3, 4
2021/11/16, 88, 53, 61, 8, 3, 4
2021/11/17, 89, 46, 52, 7, 2, 4
2021/11/18, 70, 41, 63, 5, 2, 3
2021/11/19, 63, 45, 57, 6, 2, 4
2021/11/20, 84, 44, 46, 6, 1, 4
2021/11/21, 89, 33, 37, 3, 1, 4
2021/11/22, 39, 15, 31, 2, , 
2021/11/23, 15, 32, 34, 6, 1, 4
2021/11/24, 43, 45, 42, 7, 1, 4
2021/11/25, 62, 36, 38, 4, 1, 3
2021/11/26, 54, 25, 32, 4, 1, 3
2021/11/27, 39, 13, 32, 4, 1, 3
2021/11/28, 18, 13, 35, 4, 1, 3
2021/11/29, 19, 18, 33, 3, 1, 4
2021/11/30, 34, 13, 28, 1, , 
2021/12/1, 18, 11, 29, 3, , 3
2021/12/2, 16, 28, 32, 4, 1, 3
2021/12/3, 55, 18, 36, 4, 1, 4
2021/12/4, 29, 16, 29, 4, 1, 3
2021/12/5, 30, 21, 35, 5, 1, 3
2021/12/6, 46, 27, 44, 4, 1, 3
2021/12/7, 57, 31, 36, 6, 1, 4
2021/12/8, 70, 17, 27, 5, 1, 3
2021/12/9, 24, 21, 42, 5, 1, 3
2021/12/10, 42, 43, 41, 5, , 5
2021/12/11, 83, 40, 35, 3, 1, 4
2021/12/12, 71, 16, 31, 2, 1, 
2021/12/13, 23, 15, 32, 5, , 3
2021/12/14, 24, 19, 35, 5, , 4
2021/12/15, 37, 17, 40, 3, 1, 4
2021/12/16, 40, 33, 39, 3, 1, 4
2021/12/17, 62, 11, 32, 3, , 
2021/12/18, 15, 19, 34, 3, 1, 3
2021/12/19, 25, 30, 43, 7, 1, 4
2021/12/20, 42, 41, 44, 9, 1, 4
2021/12/21, 73, 21, 35, 5, 1, 2
2021/12/22, 34, 40, 36, 8, 3, 4
2021/12/23, 68, 38, 37, 7, 1, 4
2021/12/24, 74, 16, 31, 2, , 3
2021/12/25, 27, 11, 28, 3, 1, 3
2021/12/26, 21, 11, 28, 4, 1, 3
2021/12/27, 23, 18, 30, 5, , 3
2021/12/28, 38, 28, 35, 7, 1, 4
2021/12/29, 64, 25, 34, 3, 1, 3
2021/12/30, 42, 16, 32, 2, 1, 
2021/12/31, 24, 11, 31, 4, , 3
2022/1/1, 21, 22, 38, 4, 2, 4
2022/1/2, 42, 23, 32, 5, 1, 3
2021/7/1, 53, 20, 28, 3, 1, 3
2021/7/2, 41, 19, 31, 1, 1, 3
2021/7/3, 27, 16, 38, 2, 1, 4
2021/7/4, 27, 19, 15, 1, 1, 3
2021/7/5, 15, 22, 14, 1, , 
2021/7/6, 23, 24, 24, 2, , 3
2021/7/7, 24, 25, 34, 3, 1, 4
2021/7/8, 45, 21, 71, 3, 1, 4
2021/7/9, 45, 20, 48, 2, 1, 4
2021/7/10, 35, 19, 29, 2, 1, 4
2021/7/11, 30, 15, 18, 2, 1, 3
2021/7/12, 19, 15, 17, 2, 1, 
2021/7/13, 14, 11, 9, 5, 1, 4
2021/7/14, 13, 6, 17, 3, 1, 3
2021/7/15, 12, 15, 35, 4, 1, 4
2021/7/16, 40, 13, 33, 3, 1, 4
2021/7/17, 32, 13, 25, 2, 1, 3
2021/7/18, 17, 12, 24, 2, 1, 3
2021/7/19, 14, 18, 28, 3, 1, 4
2021/7/20, 31, 22, 39, 2, 1, 4
2021/7/21, 44, 22, 32, 2, , 4
2021/7/22, 41, 20, 34, 2, 1, 4
2021/7/23, 39, 21, 33, 3, 1, 4
2021/7/24, 32, 26, 26, 1, 1, 4
2021/7/25, 29, 26, 23, 1, 1, 
2021/7/26, 29, 16, 28, 3, 1, 4
2021/7/27, 26, 16, 23, 3, 1, 4
2021/7/28, 37, 13, 25, 2, 1, 4
2021/7/29, 29, 12, 19, 2, 1, 4
2021/7/30, 24, 19, 34, 2, 1, 4
2021/7/31, 45, 11, 20, 2, 1, 4
2021/8/1, 22, 15, 17, 3, 1, 4
2021/8/2, 28, 22, 21, 1, 1, 4
2021/8/3, 35, 18, 25, 4, 1, 
2021/8/4, 43, 15, 28, 4, 1, 4
2021/8/5, 32, 17, 35, 2, 1, 4
2021/8/6, 41, 22, 53, 3, 1, 4
2021/8/7, 61, 17, 35, 3, 1, 4
2021/8/8, 42, 15, 43, 3, , 4
2021/8/9, 33, 21, 45, 2, 1, 5
2021/8/10, 51, 11, 32, 2, 1, 4
2021/8/11, 27, 9, 34, 3, 1, 4
2021/8/12, 12, 9, 43, 1, 1, 
2021/8/13, 16, 7, 45, 1, 1, 4
2021/8/14, 13, 14, 41, 2, 1, 4
2021/8/15, 34, 11, 35, 1, 1, 4
2021/8/16, 16, 14, 39, 2, 1, 4
2021/8/17, 34, 15, 41, 3, 1, 4
2021/8/18, 33, 12, 53, 2, 1, 4
2021/8/19, 23, 10, 37, 2, 1, 4
2021/8/20, 17, 15, 36, 1, 1, 4
2021/8/21, 14, 11, 34, 3, 1, 5
2021/8/22, 26, 13, 15, 1, 1, 4
2021/8/23, 12, 29, 24, 1, , 4
2021/8/24, 41, 28, 58, 2, 1, 4
2021/8/25, 55, 16, 46, 2, 1, 5
2021/8/26, 36, 11, 20, 1, 1, 4
2021/8/27, 22, 11, 22, 2, 1, 4
2021/8/28, 15, 9, 23, 2, 1, 4
2021/8/29, 16, 10, 23, 2, 1, 
2021/8/30, 23, 8, 23, 2, 1, 3
2021/8/31, 14, 12, 40, 2, 1, 5
2021/9/1, 21, 12, 31, 3, 1, 4
2021/9/2, 18, 11, 37, 2, 1, 4
2021/9/3, 18, 15, 34, 2, 1, 4
2021/9/4, 19, 15, 29, 2, 1, 
2021/9/5, 18, 17, 31, 2, 1, 4
2021/9/6, 24, 15, 38, 2, , 4
2021/9/7, 28, 15, 40, 2, 1, 4
2021/9/8, 19, 11, 50, 2, 1, 4
2021/9/9, 22, 12, 31, 3, 1, 
2021/9/10, 22, 12, 38, 2, 1, 4
2021/9/11, 16, 13, 41, 2, 1, 
2021/9/12, 21, 16, 29, 1, 1, 4
2021/9/13, 23, 16, 19, 1, 1, 4
2021/9/14, 7, 18, 32, 1, 1, 4
2021/9/15, 16, 18, 35, , 1, 5
2021/9/16, 13, 13, 31, 2, 1, 4
2021/9/17, 10, 14, 35, 2, 1, 4
2021/9/18, 14, 17, 39, 2, 1, 4
2021/9/19, 23, 19, 35, 1, 1, 4
2021/9/20, 30, 19, 44, 2, 1, 4
2021/9/21, 28, 29, 87, 2, 1, 6
2021/9/22, 62, 28, 66, 3, 1, 5
2021/9/23, 54, 15, 49, 3, , 3
2021/9/24, 30, 17, 36, 2, , 4
2021/9/25, 28, 21, 32, 2, 1, 4
2021/9/26, 24, 21, 33, 2, 1, 
2021/9/27, 24, 19, 34, 3, 1, 5
2021/9/28, 35, 16, 37, 2, 1, 5
2021/9/29, 31, 9, 36, 2, 1, 
2021/9/30, 14, 16, 53, 2, 1, 4
2021/4/1, 63, 49, 42, 4, 1, 3
2021/4/2, 67, 24, 38, 3, 1, 3
2021/4/3, 38, 11, 36, 3, 1, 3
2021/4/4, 24, 19, 42, 4, 1, 2
2021/4/5, 35, 27, 60, 5, 1, 2
2021/4/6, 47, 37, 58, 5, 2, 2
2021/4/7, 72, 34, 60, 6, 1, 2
2021/4/8, 66, 26, 51, 4, 1, 2
2021/4/9, 43, 22, 42, 4, , 2
2021/4/10, 33, 20, 48, 5, 1, 2
2021/4/11, 43, 20, 41, 4, 1, 2
2021/4/12, 38, 17, 44, 4, , 2
2021/4/13, 39, 19, 42, 3, 2, 1
2021/4/14, 33, 24, 62, 6, 1, 2
2021/4/15, 46, 22, 48, 6, 1, 2
2021/4/16, 45, 51, 43, 4, , 2
2021/4/17, 62, 30, 45, 3, 1, 2
2021/4/18, 34, 26, 62, 6, 1, 2
2021/4/19, 41, 28, 71, 7, 2, 
2021/4/20, 49, 31, 83, 6, 2, 3
2021/4/21, 60, 38, 63, 4, 2, 3
2021/4/22, 71, 39, 50, 4, 1, 3
2021/4/23, 65, 37, 42, 3, , 
2021/4/24, 61, 32, 54, 4, 1, 3
2021/4/25, 60, 22, 41, 3, 1, 2
2021/4/26, 34, 21, 46, 5, 1, 2
2021/4/27, 38, 19, 40, 4, , 2
2021/4/28, 42, 39, 68, 5, 1, 2
2021/4/29, 68, 50, 65, 6, 1, 3
2021/4/30, 70, 21, 46, 3, 1, 2
2021/5/1, 39, 23, 45, 4, , 2
2021/5/2, 42, 18, 48, 6, 1, 2
2021/5/3, 33, 27, 44, 3, 1, 
2021/5/4, 37, 49, 52, 2, 1, 2
2021/5/5, 44, 52, 55, 5, 1, 2
2021/5/6, 50, 64, 56, 4, 1, 3
2021/5/7, 70, 147, 78, 4, 1, 3
2021/5/8, 144, 48, 44, 5, 1, 3
2021/5/9, 69, 27, 46, 5, 1, 3
2021/5/10, 38, 26, 43, 3, 1, 3
2021/5/11, 36, 32, 42, 3, 1, 2
2021/5/12, 47, 16, 42, 4, 1, 3
2021/5/13, 24, 18, 37, 5, 1, 4
2021/5/14, 42, 12, 29, 3, 1, 3
2021/5/15, 24, 10, 32, 2, 1, 3
2021/5/16, 17, 20, 38, 4, 1, 4
2021/5/17, 35, 20, 46, 6, 1, 3
2021/5/18, 38, 19, 63, 5, 1, 3
2021/5/19, 45, 13, 45, 4, 1, 3
2021/5/20, 25, 20, 62, 5, 1, 2
2021/5/21, 40, 18, 59, 5, 1, 2
2021/5/22, 40, 16, 53, 4, 1, 2
2021/5/23, 37, 17, 56, 4, 1, 2
2021/5/24, 39, 51, 58, 5, 1, 2
2021/5/25, 71, 32, 59, 7, 1, 3
2021/5/26, 48, 23, 57, 4, , 4
2021/5/27, 44, 33, 64, 4, 1, 4
2021/5/28, 61, 21, 57, 4, 1, 3
2021/5/29, 46, 20, 53, 6, 1, 3
2021/5/30, 43, 21, 52, 7, 1, 2
2021/5/31, 42, 27, 53, 5, 1, 3
2021/6/1, 49, 27, 44, 5, 2, 3
2021/6/2, 51, 9, 44, 3, , 
2021/6/3, 14, 13, 49, 3, , 2
2021/6/4, 22, 24, 62, 3, 1, 3
2021/6/5, 50, 19, 52, 3, 1, 3
2021/6/6, 32, 11, 44, 3, 1, 2
2021/6/7, 26, 17, 36, 4, 1, 3
2021/6/8, 38, 26, 40, 6, 1, 3
2021/6/9, 60, 29, 47, 3, 1, 4
2021/6/10, 56, 14, 37, 3, 1, 3
2021/6/11, 26, 9, 33, 3, 1, 3
2021/6/12, 17, 17, 46, 2, 1, 
2021/6/13, 47, 23, 46, 3, 1, 4
2021/6/14, 54, 17, 34, 3, 1, 3
2021/6/15, 46, 12, 37, 2, 1, 
2021/6/16, 20, 19, 31, 2, 1, 2
2021/6/17, 22, 15, 28, 4, 1, 3
2021/6/18, 25, 16, 44, 4, 1, 3
2021/6/19, 28, 30, 64, 5, 1, 3
2021/6/20, 59, 24, 66, 5, 1, 3
2021/6/21, 45, 24, 41, 4, 1, 3
2021/6/22, 43, 22, 42, 4, 1, 3
2021/6/23, 42, 21, 40, 4, 1, 3
2021/6/24, 40, 16, 40, 4, 1, 3
2021/6/25, 33, 20, 33, 3, 1, 3
2021/6/26, 45, 28, 42, 3, 1, 
2021/6/27, 64, 22, 37, 2, 1, 3
2021/6/28, 46, 21, 39, 2, 1, 3
2021/6/29, 46, 19, 34, 2, 1, 3
2021/6/30, 41, 22, 38, 2, 1, 3
2021/1/4, 66, 27, 33, 4, 1, 3
2021/1/5, 60, 19, 33, 2, 1, 3
2021/1/6, 42, 15, 28, 3, 1, 2
2021/1/7, 33, 9, 31, 2, 1, 2
2021/1/8, 18, 10, 29, 2, , 2
2021/1/9, 18, 14, 29, 4, 1, 2
2021/1/10, 35, 15, 28, 6, 1, 3
2021/1/11, 49, 30, 32, 4, 1, 3
2021/1/12, 56, 67, 41, 8, 2, 3
2021/1/13, 72, 45, 47, 6, 1, 2
2021/1/14, 55, 28, 39, 3, 1, 2
2021/1/15, 27, 41, 32, 2, 1, 3
2021/1/16, 65, 13, 30, 3, 1, 2
2021/1/17, 27, 49, 34, 5, 1, 3
2021/1/18, 77, 16, 35, 3, 1, 1
2021/1/19, 21, 15, 36, 5, 1, 2
2021/1/20, 26, 19, 34, 5, 1, 3
2021/1/21, 40, 17, 31, 6, , 3
2021/1/22, 43, 14, 37, 4, 1, 4
2021/1/23, 26, 21, 37, 3, 1, 3
2021/1/24, 39, 19, 33, 2, 1, 
2021/1/25, 27, 10, 36, 3, 1, 3
2021/1/26, 19, 21, 37, 4, 1, 3
2021/1/27, 46, 36, , 4, 1, 4
2021/1/28, 54, 22, 31, 2, 1, 4
2021/1/29, 33, 43, 38, 7, 1, 3
2021/1/30, 53, 28, 40, 4, 1, 3
2021/1/31, 39, 27, 37, 5, 2, 5
2021/2/1, 47, 38, 35, 3, 1, 4
2021/2/2, 61, 31, 39, 5, 1, 3
2021/2/3, 52, 42, 41, 5, 1, 4
2021/2/4, 76, 20, 30, 8, 1, 3
2021/2/5, 38, 16, 40, 5, 1, 3
2021/2/6, 33, 65, 51, 8, 2, 6
2021/2/7, 131, 22, 35, 3, 1, 3
2021/2/8, 30, 17, 32, 5, 1, 3
2021/2/9, 33, 17, 36, 8, 1, 3
2021/2/10, 35, 33, 46, 7, 2, 4
2021/2/11, 66, 37, 45, 5, 2, 4
2021/2/12, 74, 36, 62, 8, 3, 5
2021/2/13, 77, 19, 36, 5, 2, 4
2021/2/14, 39, 19, 39, 3, 1, 3
2021/2/15, 36, 20, 37, 3, 1, 4
2021/2/16, 30, 16, 35, 2, 1, 2
2021/2/17, 33, 16, 35, 2, , 2
2021/2/18, 28, 21, 46, 5, 1, 3
2021/2/19, 42, 44, 54, 7, 2, 4
2021/2/20, 72, 34, 48, 4, 1, 3
2021/2/21, 57, 38, 47, 5, 1, 3
2021/2/22, 53, 12, 40, 2, , 1
2021/2/23, 10, 28, 39, 6, 1, 3
2021/2/24, 44, 24, 36, 5, , 4
2021/2/25, 48, 16, 37, 2, 1, 3
2021/2/26, 28, 27, 37, , 1, 3
2021/2/27, 47, 25, 36, 5, 1, 3
2021/2/28, 47, 25, 35, 3, 1, 5
2021/3/1, 25, 13, 35, 2, 1, 4
2021/3/2, 24, 19, 36, 4, 1, 3
2021/3/3, 38, 15, 32, 5, , 4
2021/3/4, 33, 15, 39, 5, , 4
2021/3/5, 42, 32, 39, 5, 1, 4
2021/3/6, 65, 34, 40, 5, 1, 4
2021/3/7, 73, 37, 43, 5, 1, 4
2021/3/8, 86, 27, 43, 6, , 4
2021/3/9, 63, 47, 57, 6, 1, 4
2021/3/10, 103, 35, 43, 6, 1, 4
2021/3/11, 64, 15, 44, 4, 1, 4
2021/3/12, 44, 20, 44, 5, , 4
2021/3/13, 57, 32, 53, 6, 1, 4
2021/3/14, 85, 31, 55, 6, 1, 4
2021/3/15, 80, 33, 48, 5, , 5
2021/3/16, 55, 43, 47, 5, 1, 3
2021/3/17, 50, 51, 41, 4, , 3
2021/3/18, 56, 37, 38, 3, 1, 4
2021/3/19, 55, 14, 35, 5, 1, 4
2021/3/20, 33, 36, 43, 3, 1, 4
2021/3/21, 58, 30, 42, 4, 1, 2
2021/3/22, 39, 63, 51, 7, 1, 3
2021/3/23, 61, 39, 45, 6, 1, 
2021/3/24, 44, 39, 62, 7, 1, 3
2021/3/25, 57, 44, 76, 9, 1, 3
2021/3/26, 68, 29, 47, 5, 2, 3
2021/3/27, 43, 42, 60, 6, , 4
2021/3/28, 107, 238, 50, 7, 1, 5
2021/3/29, 165, 207, 41, 8, 1, 2
2021/3/30, 135, 67, 50, 6, 1, 2
2021/3/31, 62, 55, 42, 4, , 
2020/10/1, 50, 19, 41, 2, 1, 2
2020/10/2, 39, 19, 41, 3, 1, 2
2020/10/3, 46, 18, 44, 2, , 2
2020/10/4, 46, 22, 31, 2, 1, 1
2020/10/5, 38, 16, 33, 3, 1, 2
2020/10/6, 26, 20, 40, 3, 1, 
2020/10/7, 36, 23, 35, 2, , 2
2020/10/8, 30, 24, 41, 2, , 2
2020/10/9, 34, 25, 43, 4, 1, 3
2020/10/10, 45, 26, 37, 3, , 
2020/10/11, 41, 25, 51, 3, 1, 2
2020/10/12, 55, 20, 38, 3, , 2
2020/10/13, 34, 20, 46, 4, 1, 2
2020/10/14, 38, 21, 40, 5, 1, 2
2020/10/15, 35, 21, 39, 5, 1, 2
2020/10/16, 43, 22, 45, 4, 1, 2
2020/10/17, 46, 26, 51, 4, 1, 2
2020/10/18, 66, 25, 53, 5, 1, 3
2020/10/19, 59, 33, 44, 4, 1, 2
2020/10/20, 53, 22, 35, 4, 2, 2
2020/10/21, 44, 36, 51, 3, 1, 3
2020/10/22, 60, 32, 33, 2, 1, 2
2020/10/23, 41, 18, 36, 2, 1, 2
2020/10/24, 27, 22, 45, 4, 1, 3
2020/10/25, 40, 22, 48, 5, 1, 3
2020/10/26, 48, 24, 50, 5, 1, 3
2020/10/27, 58, 36, 62, 6, 1, 3
2020/10/28, 72, 16, 39, 3, 1, 2
2020/10/29, 24, 22, 49, 4, 1, 2
2020/10/30, 42, 22, 35, 3, , 2
2020/10/31, 36, 20, 39, 4, 1, 2
2020/11/1, 26, 39, 40, 4, 1, 3
2020/11/2, 65, 32, 32, 3, , 2
2020/11/3, 42, 19, 33, 3, 1, 
2020/11/4, 28, 11, 30, 4, 1, 2
2020/11/5, 22, 26, 24, 5, 1, 3
2020/11/6, 59, 25, 46, 3, 1, 2
2020/11/7, 58, 53, 49, 3, 2, 3
2020/11/8, 68, 18, 32, 3, 1, 2
2020/11/9, 28, 19, 37, 4, 1, 2
2020/11/10, 36, 21, 38, 6, , 2
2020/11/11, 48, 19, 39, 5, 1, 2
2020/11/12, 48, 15, 44, 4, , 2
2020/11/13, 39, 35, 46, 5, 1, 3
2020/11/14, 71, 24, 35, 4, , 2
2020/11/15, 46, 23, 31, 4, 1, 3
2020/11/16, 54, 19, 31, 4, 1, 3
2020/11/17, 41, 32, 35, 2, 1, 3
2020/11/18, 39, 24, 29, 3, 2, 6
2020/11/19, 32, 19, 30, 3, 1, 4
2020/11/20, 48, 19, 28, 4, 1, 2
2020/11/21, 38, 16, 30, 3, 1, 3
2020/11/22, 36, 19, 28, 2, 1, 2
2020/11/23, 40, 14, 32, 3, 1, 1
2020/11/24, 28, 11, 34, 3, 1, 2
2020/11/25, 23, 26, 31, 6, 1, 3
2020/11/26, 70, 26, 31, 3, 1, 2
2020/11/27, 61, 19, 28, 2, 1, 1
2020/11/28, 32, 14, 28, 3, 1, 1
2020/11/29, 35, 16, 30, 3, 1, 2
2020/11/30, 43, 15, 33, 4, 1, 2
2020/12/1, 36, 17, 32, 7, 1, 2
2020/12/2, 43, 15, 32, 3, , 2
2020/12/3, 34, 13, 31, 2, 1, 2
2020/12/4, 27, 16, 32, 3, 1, 2
2020/12/5, 33, 17, 35, 4, 1, 2
2020/12/6, 39, 24, 36, 4, 1, 3
2020/12/7, 61, 32, 33, 4, 1, 3
2020/12/8, 77, 27, 24, 9, 1, 4
2020/12/9, 76, 15, 31, 7, 1, 3
2020/12/10, 40, 14, 31, 5, , 3
2020/12/11, 39, 34, 36, 5, 1, 4
2020/12/12, 79, 32, 40, 5, 1, 3
2020/12/13, 70, 12, 25, 3, 1, 2
2020/12/14, 23, 12, 25, 4, 1, 2
2020/12/15, 34, 12, 25, 4, 1, 2
2020/12/16, 31, 12, 27, 3, 1, 
2020/12/17, 27, 23, 31, 5, 1, 4
2020/12/18, 50, 17, 29, 2, 1, 2
2020/12/19, 21, 14, 31, 3, 1, 3
2020/12/20, 27, 29, 33, 5, 2, 3
2020/12/21, 64, 34, 40, 7, 1, 4
2020/12/22, 79, 26, 41, 7, 1, 3
2020/12/23, 63, 36, 40, 4, 1, 3
2020/12/24, 63, 30, 31, 2, 1, 2
2020/12/25, 36, 20, 30, 4, 1, 3
2020/12/26, 28, 14, 28, 3, 1, 3
2020/12/27, 24, 16, 34, 3, , 3
2020/12/28, 26, 22, 32, 4, 1, 4
2020/12/29, 39, 10, 28, 1, , 2
2020/7/1, 39, 16, 36, 5, 1, 2
2020/7/2, 42, 19, 36, 4, 1, 3
2020/7/3, 46, 15, 32, 4, 1, 2
2020/7/4, 39, 16, 33, 4, , 3
2020/7/5, 34, 12, 30, 4, 1, 3
2020/7/6, 27, 15, 39, 3, 1, 3
2020/7/7, 29, 18, 41, 3, 1, 3
2020/7/8, 45, 18, 31, 3, 1, 3
2020/7/9, 40, 25, 34, 2, 1, 3
2020/7/10, 33, 37, 39, 3, 1, 4
2020/7/11, 81, 13, 33, 2, 1, 3
2020/7/12, 35, 21, 38, 2, 1, 4
2020/7/13, 35, 12, 28, 2, 1, 3
2020/7/14, 31, 13, 34, 4, , 
2020/7/15, 32, 12, 30, 2, 1, 3
2020/7/16, 39, 18, 38, 3, , 3
2020/7/17, 53, 22, 24, 4, 1, 4
2020/7/18, 50, 18, 21, 2, 1, 3
2020/7/19, 36, 22, 27, 3, 1, 4
2020/7/20, 37, 24, 30, 5, 1, 4
2020/7/21, 48, 6, 20, 2, 1, 3
2020/7/22, 18, 12, 37, 2, 1, 3
2020/7/23, 22, 18, 36, 1, 1, 3
2020/7/24, 40, 22, 35, 3, 1, 3
2020/7/25, 48, 20, 53, 2, 1, 3
2020/7/26, 51, 21, 28, 4, , 3
2020/7/27, 51, 14, 19, 2, 1, 3
2020/7/28, 13, 13, 18, 2, , 3
2020/7/29, 19, 16, 16, 3, 1, 3
2020/7/30, 29, 13, 17, 2, , 3
2020/7/31, 23, 29, 14, 2, 1, 2
2020/8/1, 60, 39, 15, 1, 1, 3
2020/8/2, 81, 37, 15, 1, 1, 3
2020/8/3, 79, 55, 13, 1, 3, 2
2020/8/4, 120, 36, 12, 2, 1, 3
2020/8/5, 59, 49, 13, 2, 1, 3
2020/8/6, 94, 54, 14, 2, 3, 
2020/8/7, 110, 22, 19, 2, , 3
2020/8/8, 30, 19, 15, 1, 1, 3
2020/8/9, 17, 20, 26, 1, 1, 
2020/8/10, 28, 27, 17, 2, 1, 3
2020/8/11, 36, 25, 22, 2, , 
2020/8/12, 26, 19, 22, 1, , 3
2020/8/13, 23, 19, 23, 3, 1, 
2020/8/14, 23, 14, 21, 2, 1, 3
2020/8/15, 17, 17, 20, 2, 1, 3
2020/8/16, 37, 19, 25, 3, 1, 2
2020/8/17, 50, 27, 24, 3, 1, 2
2020/8/18, 69, 28, 24, 3, 1, 2
2020/8/19, 70, 25, 24, 4, , 2
2020/8/20, 63, 23, 34, 3, , 3
2020/8/21, 59, 29, 32, 4, , 4
2020/8/22, 65, 20, 30, 4, 1, 4
2020/8/23, 54, 33, 16, 3, 1, 3
2020/8/24, 71, 38, 13, 1, 2, 3
2020/8/25, 51, , , , , 
2020/8/27, 20, 16, 23, 3, 1, 3
2020/8/28, 18, 14, 17, 2, 2, 
2020/8/29, 16, 16, 22, 2, 1, 
2020/8/30, 27, 15, 32, 2, 1, 3
2020/8/31, 31, 19, 24, 3, 1, 4
2020/9/1, 26, , , , , 
2020/9/3, 44, 25, 60, 3, 1, 4
2020/9/4, 42, 14, 45, 3, , 3
2020/9/5, 47, 5, 37, 2, 1, 3
2020/9/6, 11, 1, 32, 1, 1, 3
2020/9/8, 72, 27, 55, 2, 1, 3
2020/9/9, 59, 17, 46, 3, 1, 3
2020/9/10, 40, 22, 43, 4, 1, 3
2020/9/11, 52, 14, 37, 2, 1, 4
2020/9/12, 31, 11, 31, 2, 1, 3
2020/9/13, 17, 12, 34, 2, , 3
2020/9/14, 20, 12, 45, 2, , 
2020/9/15, 17, 6, 37, 2, 1, 3
2020/9/16, 9, 16, 48, 3, 1, 3
2020/9/17, 21, 13, 41, 3, 1, 3
2020/9/18, 24, 12, 37, 3, 1, 2
2020/9/19, 14, 16, 44, 2, 1, 2
2020/9/20, 31, 21, 46, 3, 1, 3
2020/9/21, 43, 18, 30, 2, 1, 3
2020/9/22, 26, 17, 28, 2, , 3
2020/9/23, 20, 21, 32, 3, , 
2020/9/24, 28, 20, 38, 3, 1, 2
2020/9/25, 40, 19, 32, 3, 1, 2
2020/9/26, 34, 20, 35, 2, , 2
2020/9/27, 33, 21, 35, 2, 1, 
2020/9/28, 34, 19, 45, 3, 1, 
2020/9/29, 37, 27, 35, 3, 1, 3
2020/9/30, 60, 23, 41, 2, 1, 2
2020/6/22, 62, 23, 38, 3, 1, 2
2020/6/23, 57, 19, 34, 3, 1, 3
2020/6/24, 31, 22, 39, 4, , 4
2020/6/25, 59, 19, 45, 4, 1, 3
2020/6/26, 46, 26, 35, 5, 1, 3
2020/6/27, 54, 27, 43, 5, 1, 3
2020/6/28, 61, 31, 34, 4, , 3
2020/6/29, 62, 23, 43, 2, 1, 3
2020/6/30, 46, 17, 42, 3, 1, 2
2024/12/31, , 24, 36, 3, 1, 2
2024/11/7, , 19, 31, 3, 1, 1
2023/8/13, , 18, 35, 2, 1, 3
2023/5/29, , 5, 32, 2, 1, 4
2022/8/11, , 11, 46, 1, 1, 4
2021/1/3, , 35, 35, 4, 2, 3
2020/12/30, , 10, 28, 2, 1, 3
2020/12/31, , 16, 29, 2, 1, 2
2021/1/1, , 20, 32, 3, 1, 3
2021/1/2, , 38, 33, 3, 1, 3
2020/8/26, , 20, 28, 3, 1, 4
2020/9/2, , 26, 35, 3, 1, 4
2020/9/7, , 38, 56, 2, 1, 5
2020/6/21, , 26, 40, 4, 1, 2